status,xigua,R,shumei,baiqishi,x1,x30,x85,x54,x83
0,751,0,REVIEW,other,8,8,5,-1,4
1,341,1,REJECT,high,9,6,4,216,0
0,653,0,REVIEW,other,39,40,13,4,10
0,365,0,REJECT,medium,17,18,9,34,4
0,330,0,REVIEW,other,2,2,1,-1,1
0,390,0,REVIEW,other,15,15,9,-1,6
0,346,0,REJECT,other,12,12,2,9,2
0,305,0,REJECT,other,8,8,2,83,1
0,524,0,REVIEW,other,23,24,10,5,6
0,333,1,REVIEW,high,18,18,6,31,4
1,340,0,REVIEW,other,3,3,2,-1,0
1,316,1,REVIEW,medium,5,5,2,201,0
0,680,0,PASS,other,5,4,3,140,2
0,429,0,REVIEW,other,14,14,5,6,4
0,427,0,REVIEW,other,21,21,10,14,7
1,318,1,REVIEW,other,19,19,3,128,2
0,312,0,REVIEW,other,6,5,2,139,1
1,342,0,REVIEW,other,1,1,1,194,1
0,348,1,REVIEW,other,10,10,4,6,4
0,363,0,REVIEW,other,12,12,4,262,3
1,413,0,REVIEW,other,2,2,2,-1,0
0,473,0,PASS,other,19,15,8,14,6
1,420,0,REVIEW,other,4,4,1,80,1
0,444,0,REVIEW,other,27,27,8,7,7
1,334,0,REVIEW,other,1,1,0,307,0
0,502,0,PASS,other,10,10,5,137,3
1,461,0,PASS,other,2,2,0,82,0
1,402,0,REVIEW,other,5,5,3,175,0
0,595,0,PASS,other,14,14,6,6,6
1,435,0,PASS,other,8,8,1,-1,0
0,322,0,REVIEW,other,11,8,4,8,4
1,349,0,REJECT,other,5,5,4,-1,3
0,322,0,REVIEW,other,9,8,3,78,1
1,343,1,REJECT,high,4,4,2,245,1
0,552,0,PASS,high,27,28,14,4,12
0,331,0,REVIEW,other,19,18,6,13,6
0,457,0,PASS,other,3,3,0,81,0
0,675,0,PASS,medium,7,9,5,-1,3
1,305,1,REVIEW,other,9,9,4,42,3
0,521,0,REVIEW,other,16,16,6,49,1
1,517,0,REVIEW,high,3,2,0,94,0
0,577,0,REVIEW,other,8,8,5,-1,0
0,559,0,REVIEW,other,11,10,3,8,2
0,490,0,REVIEW,other,16,16,5,10,2
0,345,0,REVIEW,other,4,4,1,205,0
0,478,0,REJECT,other,14,14,10,-1,5
1,331,0,REJECT,high,1,1,0,188,0
0,616,0,REVIEW,other,11,12,4,66,2
0,457,0,REVIEW,medium,25,25,10,9,9
0,618,0,REVIEW,other,14,14,8,11,7
0,608,0,PASS,other,11,12,4,4,4
1,314,1,PASS,high,9,8,5,72,0
1,327,0,REVIEW,other,2,2,1,109,1
1,331,0,PASS,other,9,9,6,58,1
1,306,0,REJECT,other,9,9,4,297,2
1,347,0,REVIEW,other,5,5,2,183,0
1,349,0,REVIEW,other,14,14,8,57,0
1,326,1,REVIEW,high,2,2,1,-1,0
1,348,0,REJECT,high,21,21,6,72,2
0,491,0,REVIEW,other,28,28,14,14,10
1,337,0,REVIEW,other,3,3,0,270,0
1,675,0,REVIEW,high,0,0,0,-1,0
1,321,0,REVIEW,medium,1,1,1,239,0
1,328,0,REVIEW,other,2,2,2,-1,2
1,328,0,REVIEW,high,10,10,4,317,3
1,447,0,REJECT,other,3,3,2,-1,0
0,327,0,REVIEW,other,10,10,6,326,4
0,424,0,REVIEW,other,16,16,6,-1,2
1,511,0,REVIEW,medium,14,14,3,-1,2
1,645,0,REVIEW,high,8,7,3,86,0
0,349,0,PASS,other,13,13,5,-1,4
1,468,0,REVIEW,other,2,1,0,71,0
1,439,0,REVIEW,other,5,4,0,76,0
1,338,0,REVIEW,medium,4,4,3,246,3
0,351,0,REVIEW,other,9,9,5,-1,3
0,351,0,PASS,other,16,16,7,10,6
1,352,0,REVIEW,other,1,1,0,-1,0
1,568,0,PASS,other,4,4,1,53,0
0,413,0,REVIEW,other,12,11,6,-1,3
1,345,0,REVIEW,medium,15,15,7,193,5
0,548,0,REVIEW,other,1,1,1,-1,1
0,405,0,REJECT,medium,9,9,5,60,3
1,303,0,REVIEW,other,0,0,0,360,0
1,420,0,REVIEW,other,4,4,4,40,0
0,306,0,REVIEW,other,22,21,6,2,3
0,319,0,PASS,other,18,18,6,10,6
0,579,0,REVIEW,other,22,23,10,33,8
0,602,0,REVIEW,medium,10,10,6,55,2
1,433,0,REVIEW,other,2,2,2,-1,2
0,572,0,PASS,other,19,19,8,56,3
1,329,0,REVIEW,other,6,6,3,20,2
1,690,0,REVIEW,other,8,7,2,-1,1
0,502,0,REVIEW,other,21,21,8,24,3
0,481,0,REVIEW,medium,7,5,2,160,2
0,456,0,REVIEW,medium,11,10,7,108,7
0,317,0,PASS,other,30,30,12,9,11
1,348,1,PASS,other,8,7,0,84,0
0,431,0,PASS,other,8,8,5,194,2
0,334,0,REVIEW,other,8,8,5,27,3
0,517,0,PASS,other,15,16,4,2,3
0,303,0,REVIEW,other,15,15,6,11,6
0,400,0,REVIEW,other,7,9,2,-1,2
0,509,0,REJECT,other,3,3,3,-1,1
0,309,1,REVIEW,other,2,2,2,-1,1
0,465,0,REVIEW,medium,16,16,9,104,8
0,485,0,REVIEW,medium,3,3,2,-1,1
0,345,0,PASS,other,5,6,2,351,2
0,520,0,REVIEW,other,15,7,5,7,3
0,512,0,REVIEW,other,31,31,11,182,8
0,423,0,PASS,other,10,11,5,70,2
0,314,0,PASS,other,19,19,8,6,5
0,589,0,PASS,other,14,14,4,11,2
1,338,0,REJECT,other,11,11,9,-1,3
0,521,0,REVIEW,other,11,11,5,29,5
0,343,0,PASS,other,6,6,3,-1,1
1,349,0,PASS,other,6,6,4,-1,0
0,329,1,REVIEW,other,11,10,3,292,2
1,368,0,REVIEW,other,13,13,3,72,3
0,313,0,REVIEW,other,14,14,8,55,0
0,324,0,REVIEW,other,8,8,6,-1,5
0,710,0,PASS,other,5,4,2,259,2
1,339,1,REJECT,high,11,11,5,347,5
0,347,0,PASS,medium,21,22,10,-1,8
1,306,0,REVIEW,medium,9,9,3,179,1
0,550,0,REVIEW,other,22,22,9,8,7
1,530,0,REVIEW,other,8,8,4,79,2
0,545,0,REVIEW,other,12,11,2,-1,0
1,638,0,REJECT,other,2,2,2,-1,0
1,483,0,PASS,other,3,3,1,131,1
0,498,0,REVIEW,other,5,5,2,210,0
0,518,0,PASS,other,6,6,3,127,2
1,538,0,REJECT,other,2,2,0,85,0
1,708,0,REVIEW,medium,3,3,1,106,0
0,341,0,PASS,other,4,4,1,71,0
0,666,0,REJECT,other,9,9,3,-1,2
0,419,0,REVIEW,high,3,3,1,86,1
1,376,0,REJECT,other,10,10,2,-1,1
0,439,0,REVIEW,other,1,1,0,132,0
0,455,0,REVIEW,other,6,6,5,-1,3
0,653,0,PASS,other,19,19,11,11,8
1,527,0,REVIEW,other,1,0,0,-1,0
1,501,1,REVIEW,other,3,3,0,127,0
0,567,0,REVIEW,other,8,8,4,8,3
1,341,0,REVIEW,medium,9,9,4,236,1
0,460,0,PASS,other,12,12,4,-1,1
1,318,0,REVIEW,other,17,16,10,-1,2
1,735,0,REVIEW,other,5,5,0,-1,0
0,557,0,REJECT,other,18,22,8,4,6
0,325,0,REVIEW,other,7,6,3,65,0
0,667,0,PASS,other,14,14,6,70,4
1,396,0,REVIEW,high,13,15,4,147,4
1,440,0,REVIEW,other,4,6,0,-1,0
0,645,0,PASS,other,11,12,8,-1,5
1,337,1,REJECT,high,4,4,3,158,1
1,383,0,REVIEW,high,6,5,2,87,1
0,566,0,REJECT,other,12,12,5,-1,3
0,591,0,REVIEW,other,32,31,10,18,8
0,348,0,REVIEW,other,10,4,3,11,3
0,447,0,REVIEW,other,15,15,5,42,1
1,470,0,REVIEW,other,13,12,5,84,1
1,478,0,REVIEW,other,4,4,2,-1,1
1,323,1,REVIEW,other,4,4,2,150,2
0,594,0,PASS,other,18,19,7,352,2
1,342,0,REVIEW,other,2,2,2,147,0
0,443,0,REVIEW,other,5,4,0,-1,0
1,457,0,REVIEW,high,10,11,5,3,4
0,318,0,REVIEW,high,11,9,3,232,2
0,335,0,REVIEW,other,8,8,5,14,5
0,434,0,PASS,other,17,17,10,-1,8
0,345,0,REVIEW,other,10,10,4,-1,3
0,537,0,PASS,other,38,38,10,8,7
0,317,1,REVIEW,other,11,11,5,136,1
1,601,0,REVIEW,none,1,1,0,116,0
0,405,0,REVIEW,other,12,12,3,347,1
0,678,0,REVIEW,medium,12,12,5,49,2
1,341,0,REJECT,other,13,13,5,63,0
0,508,0,PASS,other,11,11,4,-1,2
0,420,0,REVIEW,other,3,3,1,73,0
0,306,0,REVIEW,other,8,7,3,63,0
0,338,0,REJECT,other,14,14,2,121,2
0,611,0,REVIEW,other,7,7,4,-1,3
1,320,1,REVIEW,other,16,16,4,140,3
1,424,0,REVIEW,other,1,1,0,-1,0
0,467,0,REVIEW,other,25,25,8,14,5
1,304,1,REVIEW,other,4,4,4,19,2
0,324,0,REVIEW,other,8,8,2,223,2
1,361,0,REVIEW,other,7,7,2,242,0
0,582,0,REVIEW,medium,3,3,1,-1,1
1,344,0,REJECT,other,5,6,2,-1,1
0,565,0,PASS,other,24,25,9,7,8
1,419,0,REVIEW,other,7,7,5,44,0
1,337,0,REVIEW,other,12,12,3,46,1
0,771,0,PASS,other,13,14,5,342,5
0,433,0,REVIEW,medium,8,8,2,190,1
0,309,0,REVIEW,high,8,8,2,128,1
0,636,0,PASS,other,20,17,6,11,5
0,563,0,REVIEW,other,8,6,3,72,3
0,593,0,PASS,other,20,20,6,-1,2
1,462,0,REVIEW,other,2,1,0,-1,0
1,349,0,REVIEW,high,2,2,2,357,1
0,574,0,REVIEW,other,15,15,7,6,7
0,330,0,REVIEW,other,15,15,4,90,4
1,484,0,REVIEW,other,2,2,0,236,0
0,307,0,REVIEW,other,10,10,4,19,2
1,394,0,REVIEW,other,3,3,1,183,0
0,323,0,REVIEW,medium,27,29,4,81,3
1,302,0,REVIEW,other,8,3,4,13,3
0,733,0,REVIEW,other,10,10,3,10,1
1,436,0,REVIEW,other,3,3,1,194,0
1,327,0,REVIEW,medium,4,4,0,-1,0
0,738,0,PASS,medium,14,15,3,290,2
0,594,0,PASS,other,27,28,11,6,8
1,333,0,REJECT,high,9,9,3,271,2
1,348,0,REVIEW,other,8,7,2,46,0
1,341,0,REJECT,other,1,1,0,181,0
0,415,0,REVIEW,other,26,30,9,2,8
0,582,0,PASS,other,12,14,9,14,7
0,400,0,PASS,other,11,12,4,14,3
1,561,0,REVIEW,other,19,18,5,40,1
0,333,0,REVIEW,high,9,9,6,17,4
0,650,0,REVIEW,other,18,17,7,82,3
1,398,0,REVIEW,medium,7,7,1,-1,0
0,506,0,PASS,other,19,20,8,14,7
0,397,0,PASS,other,16,16,9,13,8
0,730,0,REVIEW,other,5,5,1,-1,1
0,704,0,PASS,other,6,6,1,-1,1
0,346,0,REVIEW,other,10,8,3,84,3
0,595,0,REJECT,other,12,11,4,31,3
0,433,0,REVIEW,other,11,11,8,18,4
0,349,0,REJECT,other,11,12,3,26,1
0,630,0,REVIEW,other,9,9,3,331,2
0,501,0,REVIEW,other,10,10,4,86,3
0,594,0,REVIEW,other,14,13,7,-1,5
0,611,0,REVIEW,other,9,10,3,5,2
0,570,0,REVIEW,other,6,6,3,14,3
1,395,1,REVIEW,other,7,7,3,15,1
0,470,0,REVIEW,other,12,12,6,7,4
0,609,0,REVIEW,other,17,18,6,14,3
0,316,0,REVIEW,medium,12,12,6,327,3
0,530,0,REJECT,other,13,12,5,27,4
0,549,0,REVIEW,medium,16,16,6,15,3
1,389,0,REVIEW,medium,0,0,0,200,0
0,595,0,PASS,other,5,5,2,-1,0
1,328,0,REVIEW,other,2,2,1,127,0
0,771,0,REVIEW,other,9,9,3,-1,2
0,697,0,PASS,other,11,11,8,5,4
1,349,0,REVIEW,other,18,19,7,7,3
0,411,0,REJECT,medium,8,8,4,-1,1
1,340,0,REJECT,none,0,0,0,191,0
1,349,0,PASS,other,12,11,4,73,2
0,478,0,PASS,other,9,8,3,25,2
0,318,0,PASS,other,40,37,11,16,11
1,460,0,PASS,other,11,11,6,55,0
0,437,0,REVIEW,other,6,6,2,-1,1
1,416,0,REVIEW,other,7,7,1,163,0
0,336,0,REVIEW,other,10,10,5,-1,3
1,414,0,REVIEW,other,2,2,0,-1,0
1,319,0,REVIEW,medium,5,5,4,55,2
0,491,0,REVIEW,other,12,14,6,7,5
0,378,0,PASS,other,8,8,4,8,3
0,409,0,REVIEW,other,5,5,3,59,1
0,550,0,PASS,other,10,8,5,100,1
0,720,0,REVIEW,other,0,0,0,-1,0
0,662,0,REVIEW,other,32,34,15,9,11
0,506,0,PASS,other,16,16,6,203,6
0,597,0,REVIEW,other,20,20,8,7,8
1,489,1,REVIEW,other,4,4,2,100,2
0,339,0,REVIEW,other,6,5,2,107,1
0,474,0,REVIEW,other,19,18,6,7,6
0,664,0,PASS,other,6,6,1,117,1
0,344,0,REVIEW,medium,2,2,1,260,1
0,324,0,REVIEW,other,9,9,3,-1,2
0,423,0,REVIEW,other,15,15,9,38,3
0,331,0,PASS,other,15,15,8,54,0
0,495,0,PASS,medium,8,8,5,66,2
0,606,0,REVIEW,other,10,10,7,138,5
0,553,0,REVIEW,other,12,12,5,194,3
0,340,0,REVIEW,other,9,9,3,17,2
1,565,0,REVIEW,other,9,7,2,74,2
0,341,0,REVIEW,other,19,19,7,41,1
1,322,0,REVIEW,other,7,6,1,93,0
1,702,0,REVIEW,other,9,9,5,59,1
0,548,0,REVIEW,other,17,17,6,6,3
0,348,0,REVIEW,other,15,14,4,12,4
0,703,0,PASS,other,18,18,8,10,5
0,486,0,PASS,other,16,16,6,8,2
1,706,0,REVIEW,other,5,5,0,87,0
0,307,0,PASS,other,6,4,4,105,2
0,802,0,PASS,other,21,20,4,10,3
0,363,0,REVIEW,high,10,10,5,38,4
0,322,0,PASS,other,13,13,4,26,4
0,715,0,REVIEW,other,24,27,9,7,8
0,469,0,REVIEW,medium,5,5,2,17,2
1,326,0,REVIEW,other,5,6,3,73,2
0,718,0,REVIEW,other,2,2,1,54,0
0,468,0,PASS,other,7,7,4,123,1
0,373,0,PASS,other,15,16,4,3,3
1,335,1,REVIEW,other,6,5,3,183,2
0,486,0,REVIEW,other,9,9,5,21,4
1,574,0,REVIEW,medium,2,2,1,-1,1
0,474,0,REVIEW,other,10,10,4,126,4
1,454,0,REJECT,medium,7,7,2,338,0
0,487,0,PASS,high,7,1,3,182,3
0,344,0,REVIEW,other,4,4,1,-1,0
0,349,0,REVIEW,other,17,17,3,13,3
1,347,0,REJECT,other,2,2,1,130,0
0,318,0,REVIEW,other,13,13,4,24,2
1,312,0,REVIEW,other,15,16,6,-1,5
1,347,0,REVIEW,medium,4,4,2,77,0
0,442,0,REVIEW,other,18,18,6,13,3
0,593,0,REVIEW,high,26,27,8,125,8
0,446,0,REVIEW,other,4,4,3,114,0
0,538,0,REVIEW,other,10,10,6,15,4
0,553,0,PASS,other,10,10,3,86,1
1,323,0,REVIEW,medium,9,9,6,-1,0
0,471,0,REVIEW,medium,5,5,3,-1,0
0,400,0,REVIEW,other,13,14,7,-1,5
0,504,0,REVIEW,other,6,7,3,9,3
0,308,0,REVIEW,other,6,6,3,-1,2
0,334,0,REVIEW,other,9,9,2,-1,1
0,486,0,REVIEW,other,11,10,3,78,3
1,448,0,REVIEW,other,3,3,0,91,0
0,645,0,REVIEW,other,9,9,2,66,0
0,319,0,REVIEW,other,17,17,8,8,5
0,443,0,REVIEW,other,18,17,7,53,0
0,666,0,REVIEW,medium,11,11,7,-1,2
0,343,0,REVIEW,other,19,9,8,6,6
0,515,0,REVIEW,other,12,12,6,12,6
1,339,0,REVIEW,other,4,4,2,221,2
1,325,0,REVIEW,other,2,2,1,-1,0
1,463,0,REVIEW,other,6,6,4,122,1
1,599,0,REVIEW,other,0,0,0,179,0
1,434,0,REVIEW,other,10,10,3,67,0
1,313,1,REVIEW,other,2,2,2,173,0
0,324,0,PASS,other,12,13,6,16,5
1,319,0,REVIEW,medium,9,12,4,143,0
0,520,0,PASS,other,16,16,7,-1,6
0,615,0,REVIEW,other,2,2,1,98,0
0,595,0,REVIEW,other,24,25,9,5,7
1,307,0,REVIEW,other,7,7,6,18,5
1,641,0,PASS,medium,7,7,1,72,0
0,472,0,REJECT,high,10,10,5,39,2
0,721,0,PASS,other,17,17,6,27,4
1,437,1,REVIEW,other,2,0,0,180,0
1,487,0,REVIEW,other,11,11,10,25,6
0,785,0,REVIEW,other,15,15,6,13,5
0,756,0,REVIEW,other,17,18,5,2,3
1,346,0,REVIEW,other,5,4,2,119,2
1,445,0,REJECT,other,2,2,1,134,1
1,330,1,REVIEW,other,8,8,2,55,0
1,634,0,REJECT,high,15,15,1,81,1
0,545,0,PASS,other,19,19,6,20,3
0,366,0,PASS,other,16,16,9,58,2
1,395,0,REJECT,high,6,6,4,-1,2
0,477,0,REJECT,medium,5,5,3,-1,3
0,670,0,REJECT,other,0,0,0,-1,0
0,550,0,REVIEW,other,10,10,7,286,4
0,310,0,REVIEW,other,7,2,3,-1,1
0,337,0,REVIEW,other,7,7,4,-1,2
0,618,0,REVIEW,other,18,16,10,87,5
0,345,0,REVIEW,other,10,11,3,78,2
1,348,0,REVIEW,other,10,11,3,16,3
0,306,0,PASS,other,8,8,6,34,3
0,568,0,REVIEW,medium,13,12,5,8,4
0,347,0,REVIEW,other,8,9,2,-1,0
0,385,0,REJECT,medium,8,8,5,214,0
1,441,0,REVIEW,high,5,5,2,75,1
0,601,0,REVIEW,other,13,12,5,28,4
0,328,0,REVIEW,other,14,13,6,5,3
0,337,0,PASS,other,11,11,5,-1,1
0,520,0,REJECT,high,21,21,6,169,3
1,376,0,REVIEW,other,14,13,5,88,5
0,619,0,REVIEW,medium,15,14,7,56,2
0,625,0,PASS,other,20,20,7,70,2
0,653,0,PASS,medium,17,17,10,188,4
0,538,0,PASS,other,14,14,5,101,4
0,382,0,REJECT,medium,14,14,6,327,5
0,317,0,REVIEW,other,3,3,1,-1,1
0,347,0,REVIEW,other,9,8,3,65,0
0,449,0,PASS,high,12,12,6,38,3
0,338,0,REVIEW,other,4,6,1,-1,1
0,347,0,REVIEW,other,21,19,9,58,3
0,341,0,REVIEW,other,8,6,5,352,1
1,390,0,REVIEW,medium,5,5,1,78,0
1,303,1,REVIEW,other,3,3,1,322,0
1,368,0,PASS,other,14,14,5,89,0
0,337,0,REVIEW,other,4,4,3,346,1
1,344,0,REVIEW,other,5,5,3,-1,3
0,716,0,PASS,medium,5,5,3,290,0
1,342,0,REVIEW,other,14,14,9,52,0
0,426,0,REVIEW,other,12,12,7,59,4
0,511,0,PASS,other,24,24,12,49,7
0,324,0,PASS,other,10,10,6,-1,2
0,553,0,PASS,other,1,1,1,-1,1
1,333,0,REVIEW,other,9,9,1,227,1
0,500,0,REVIEW,other,15,11,3,-1,2
0,632,0,REVIEW,other,29,29,11,124,8
1,510,0,REJECT,other,1,1,1,-1,1
0,609,0,REJECT,other,7,7,3,-1,3
0,803,0,REVIEW,other,7,7,1,-1,1
0,777,0,PASS,medium,9,8,2,-1,0
1,313,0,REJECT,high,6,6,1,145,1
0,688,0,REVIEW,other,13,13,6,9,5
1,321,1,REJECT,other,2,2,0,186,0
0,330,0,PASS,other,16,17,3,17,3
0,574,0,REVIEW,medium,12,13,3,3,2
0,495,0,REVIEW,other,7,7,4,11,4
0,599,0,REVIEW,other,9,9,6,5,3
0,652,0,REVIEW,other,14,14,5,39,4
1,611,0,REVIEW,high,4,3,0,94,0
1,365,0,REVIEW,other,4,4,0,84,0
1,350,1,REVIEW,other,7,7,2,65,0
0,513,0,PASS,other,41,40,10,2,7
1,334,1,REJECT,medium,9,9,4,134,2
1,342,0,PASS,other,11,11,4,-1,1
1,478,0,PASS,other,7,7,1,90,1
0,469,0,PASS,medium,14,14,6,231,3
1,328,0,REVIEW,other,5,5,4,7,4
0,518,0,REVIEW,other,9,9,5,51,1
1,408,0,REJECT,other,7,5,2,304,0
0,401,0,REVIEW,other,16,17,9,100,5
0,594,0,REVIEW,other,4,4,2,13,1
0,313,0,REVIEW,other,8,8,2,66,2
0,782,0,PASS,other,25,25,8,10,5
1,312,0,REVIEW,other,4,3,1,113,0
1,418,0,REVIEW,medium,4,4,2,207,0
1,506,0,PASS,other,3,3,1,-1,1
0,707,0,PASS,other,14,14,8,252,6
0,345,0,PASS,other,32,34,11,18,11
0,711,0,REVIEW,medium,7,8,2,-1,2
0,559,0,PASS,other,14,13,8,207,7
0,381,0,PASS,other,10,10,5,196,4
1,349,0,REVIEW,high,3,3,2,129,1
1,639,0,REVIEW,other,8,8,3,320,0
0,543,0,REVIEW,other,13,13,6,13,4
0,502,0,REJECT,medium,14,16,5,185,5
1,329,1,REVIEW,other,7,6,7,269,0
1,346,0,REJECT,other,12,12,4,157,3
0,530,0,REVIEW,other,16,18,7,25,6
0,662,0,PASS,other,7,7,4,112,4
1,334,0,REVIEW,other,6,6,1,79,0
1,327,1,PASS,medium,4,2,0,255,0
1,345,0,REVIEW,other,3,3,2,-1,1
0,578,0,REVIEW,other,7,8,3,-1,2
1,594,0,REVIEW,medium,5,5,4,63,0
0,336,0,REVIEW,other,6,6,4,-1,0
1,549,0,REVIEW,other,4,4,2,218,1
0,448,0,REVIEW,other,9,9,3,3,2
1,436,0,REVIEW,other,1,1,1,318,1
0,482,0,REVIEW,other,4,4,3,-1,2
0,334,0,REVIEW,medium,14,15,4,7,3
0,346,0,REVIEW,other,6,7,3,-1,0
1,326,1,REJECT,other,11,11,3,250,2
0,319,0,REVIEW,other,13,14,2,2,2
1,412,0,REVIEW,medium,7,7,3,351,2
0,551,0,REVIEW,other,7,8,4,65,2
1,314,0,REVIEW,other,9,9,5,128,1
0,565,0,REJECT,medium,10,10,5,-1,2
0,372,0,REVIEW,other,0,0,0,178,0
0,558,0,PASS,other,5,5,1,113,1
0,618,0,REVIEW,other,8,8,4,-1,4
0,495,0,PASS,medium,13,14,4,292,4
0,477,0,PASS,other,18,20,6,15,5
1,324,0,REVIEW,other,8,8,2,125,1
1,463,0,REVIEW,medium,7,6,4,30,1
0,696,0,REVIEW,high,6,6,2,115,1
0,344,0,PASS,other,7,7,3,56,0
0,597,0,REVIEW,other,28,27,10,5,5
0,731,0,PASS,other,9,9,5,209,2
1,384,0,REVIEW,other,2,2,2,-1,0
1,304,0,REVIEW,other,5,4,2,-1,0
1,354,0,REVIEW,medium,8,8,4,88,1
1,419,0,REVIEW,other,5,4,0,-1,0
0,435,0,PASS,other,10,10,5,230,2
0,456,0,REVIEW,other,7,7,3,-1,3
0,347,0,REVIEW,high,15,16,5,111,5
0,332,0,REVIEW,other,19,19,8,8,6
1,590,0,REJECT,other,2,1,0,92,0
1,341,1,REVIEW,high,12,12,3,245,3
0,553,0,REVIEW,other,3,3,1,-1,0
1,348,0,PASS,other,15,14,4,-1,1
1,303,0,REVIEW,medium,3,3,1,-1,0
0,518,0,PASS,other,9,9,4,-1,0
0,397,0,PASS,medium,14,14,5,276,2
0,448,0,REVIEW,other,18,18,9,17,6
1,625,0,REVIEW,other,3,3,2,62,0
0,559,0,REVIEW,high,13,14,5,115,4
0,325,0,REJECT,high,5,5,1,144,1
1,666,0,REVIEW,other,11,11,6,81,1
1,496,1,REVIEW,high,2,2,0,144,0
0,544,0,REVIEW,other,18,17,4,13,2
0,608,0,REJECT,other,12,12,3,104,3
0,649,0,REVIEW,other,16,16,9,15,8
1,511,0,REVIEW,other,5,5,4,-1,2
0,559,0,REVIEW,other,9,9,1,-1,1
0,550,0,REVIEW,other,15,15,8,6,6
1,346,0,REVIEW,other,4,4,0,-1,0
1,327,0,REJECT,medium,4,4,1,90,0
0,532,0,PASS,other,26,26,10,6,5
1,340,0,REVIEW,high,9,8,5,-1,0
0,374,0,REVIEW,other,8,3,5,-1,3
0,454,0,REVIEW,other,12,12,6,13,6
0,584,0,PASS,other,27,26,10,8,7
1,343,0,PASS,other,8,8,3,-1,1
1,303,0,PASS,other,8,8,3,58,2
1,507,0,REVIEW,other,2,2,1,109,0
0,676,0,PASS,other,30,30,10,10,9
0,414,0,REVIEW,other,20,20,9,17,3
0,464,0,REVIEW,other,3,3,1,70,1
1,343,0,REVIEW,other,6,6,1,129,0
0,455,0,REVIEW,medium,3,3,3,225,2
0,417,0,REVIEW,other,18,18,11,43,7
1,434,0,REVIEW,other,5,5,2,118,1
1,431,0,REVIEW,medium,12,12,5,18,5
0,426,0,REJECT,other,15,16,7,36,2
1,335,1,REVIEW,other,4,4,4,222,0
0,476,0,REVIEW,other,4,4,0,267,0
0,357,0,PASS,other,31,31,14,6,12
1,349,0,REJECT,other,15,15,7,35,0
0,631,0,REVIEW,other,3,3,0,-1,0
0,559,0,PASS,other,17,16,8,338,6
1,471,0,REVIEW,other,11,10,2,57,1
1,334,0,REVIEW,other,3,3,1,-1,0
0,378,0,PASS,other,1,1,1,-1,0
0,476,0,PASS,other,8,8,5,101,5
1,501,0,REVIEW,other,7,7,2,72,1
1,329,1,REVIEW,other,3,3,1,-1,0
1,330,0,REVIEW,high,3,3,0,71,0
0,325,0,REVIEW,other,6,6,1,104,1
0,372,0,REVIEW,high,4,4,1,121,1
1,544,1,REVIEW,none,2,2,1,-1,0
1,386,0,REVIEW,other,4,4,0,-1,0
0,539,0,REVIEW,other,9,10,5,83,4
0,609,0,REVIEW,medium,13,13,8,228,4
0,623,0,PASS,other,2,2,1,-1,1
1,320,1,REVIEW,medium,12,12,6,165,5
0,421,0,REVIEW,other,4,4,1,55,0
1,326,1,REVIEW,other,17,17,10,43,4
1,389,0,REVIEW,other,9,9,5,200,5
1,509,0,REVIEW,medium,0,0,0,313,0
1,613,0,REVIEW,other,5,4,1,110,1
0,527,0,REVIEW,other,6,6,3,11,3
1,324,0,REVIEW,other,5,5,4,-1,1
1,345,0,REVIEW,other,3,2,1,-1,1
0,336,0,PASS,other,13,13,6,26,4
0,372,0,REVIEW,other,10,10,2,-1,1
0,676,0,PASS,medium,9,9,5,63,1
1,453,0,REVIEW,other,9,9,2,78,0
0,783,0,REVIEW,medium,11,11,5,341,1
1,347,1,REVIEW,other,2,2,2,192,1
0,311,0,REVIEW,other,17,19,3,114,2
1,537,1,REVIEW,other,8,6,3,8,3
1,343,0,REVIEW,other,11,12,2,305,1
0,538,0,PASS,other,31,32,15,3,12
1,413,0,REVIEW,other,14,14,5,52,0
0,700,0,PASS,other,9,11,5,-1,5
1,549,0,REJECT,other,3,4,0,-1,0
1,347,0,REVIEW,other,6,5,3,139,1
0,549,0,PASS,other,10,10,3,90,3
0,461,0,PASS,other,19,20,5,228,4
0,359,0,REVIEW,other,4,4,1,-1,1
0,315,0,REVIEW,other,15,14,6,110,5
0,318,0,REJECT,other,8,8,5,114,5
0,531,0,REVIEW,other,7,7,1,70,0
0,437,0,PASS,other,14,14,4,-1,4
0,397,0,PASS,medium,24,25,9,77,7
0,571,0,REVIEW,other,14,12,4,12,3
0,512,0,REVIEW,other,13,14,7,68,7
0,680,0,REVIEW,other,28,28,8,24,5
0,693,0,PASS,other,19,19,8,16,6
0,378,0,PASS,other,20,20,11,166,7
1,336,0,REVIEW,high,11,11,4,218,2
1,499,0,REJECT,medium,2,2,2,223,1
0,735,0,PASS,medium,17,17,7,33,7
0,665,0,REVIEW,other,9,9,2,9,2
0,322,0,REVIEW,other,18,17,11,35,4
0,343,0,REVIEW,medium,5,1,3,235,1
0,349,0,REVIEW,other,0,0,0,-1,0
0,562,0,REVIEW,high,0,0,0,-1,0
0,447,0,PASS,other,29,30,7,12,5
0,597,0,REVIEW,other,12,13,4,5,4
0,541,0,PASS,other,29,29,13,5,9
0,575,0,PASS,other,11,11,3,114,3
0,456,0,REJECT,other,35,35,15,9,11
0,399,0,REVIEW,other,4,3,1,-1,1
0,336,0,REVIEW,high,9,10,5,80,0
0,709,0,REJECT,medium,24,23,4,12,4
0,532,0,REVIEW,medium,10,9,4,-1,4
0,317,0,REVIEW,high,12,11,4,174,4
0,400,0,REJECT,other,13,13,6,175,2
0,462,0,PASS,other,11,9,4,-1,0
0,385,0,PASS,medium,20,20,7,2,5
0,559,0,REVIEW,medium,8,8,5,-1,1
0,339,0,PASS,other,4,4,4,-1,0
0,626,0,PASS,other,12,13,5,208,4
0,343,0,REVIEW,other,16,15,5,11,5
0,499,0,PASS,other,22,22,9,15,8
1,324,0,REVIEW,other,7,7,6,63,0
0,490,0,REVIEW,other,14,14,5,6,4
0,332,0,REVIEW,medium,15,15,4,82,3
1,386,1,REVIEW,high,13,13,7,220,5
1,349,0,REVIEW,other,0,0,0,165,0
0,704,0,PASS,other,10,10,3,233,2
0,652,0,PASS,other,9,9,5,323,5
0,352,0,REVIEW,other,1,1,0,-1,0
0,528,0,REVIEW,other,11,11,6,24,5
0,572,0,REVIEW,other,13,12,8,-1,3
1,416,0,PASS,other,7,7,5,141,2
0,508,0,REVIEW,other,5,5,2,250,1
1,309,0,REJECT,other,11,11,4,192,3
1,321,0,REVIEW,other,8,8,2,119,0
0,583,0,REVIEW,other,2,2,2,-1,1
1,327,0,REVIEW,medium,9,9,4,128,0
1,466,0,REVIEW,other,4,4,0,-1,0
0,780,0,REVIEW,medium,18,18,9,14,8
0,422,0,PASS,other,15,15,6,-1,4
1,534,0,PASS,other,6,6,2,-1,0
1,334,0,REVIEW,high,7,5,2,310,1
1,674,0,REVIEW,other,4,4,2,195,1
0,427,0,REVIEW,other,18,18,9,64,1
0,628,0,PASS,other,9,6,4,7,3
1,424,1,REVIEW,other,2,2,2,-1,0
1,549,0,PASS,other,12,12,5,226,3
0,585,0,REVIEW,other,13,13,6,350,3
0,463,0,PASS,high,7,7,4,18,3
1,498,0,REVIEW,other,9,7,3,62,1
0,538,0,REVIEW,other,6,6,3,-1,1
0,386,1,REVIEW,medium,5,5,4,277,0
0,674,0,REVIEW,medium,11,11,8,336,5
0,514,0,REVIEW,other,4,4,2,-1,1
0,728,0,REVIEW,other,19,19,7,5,2
0,376,0,REVIEW,other,7,7,2,245,1
0,791,0,REVIEW,medium,8,9,4,-1,4
0,306,0,REVIEW,medium,9,11,2,-1,2
1,441,0,REJECT,medium,5,8,3,-1,2
1,344,0,REJECT,high,14,14,4,243,4
1,388,0,REVIEW,high,4,4,1,88,1
0,455,0,REVIEW,other,6,6,3,23,1
0,445,0,PASS,other,12,10,5,-1,3
0,416,0,REVIEW,other,15,15,4,239,4
1,330,0,PASS,other,4,4,4,5,2
1,431,0,REVIEW,other,2,2,0,125,0
1,555,0,REVIEW,other,3,3,1,140,1
1,308,1,REVIEW,high,2,2,1,200,0
0,318,0,REVIEW,other,5,5,5,-1,2
1,341,0,REVIEW,other,5,5,1,143,0
0,346,0,REJECT,other,2,2,0,259,0
1,437,0,PASS,other,8,8,3,152,0
0,469,0,REVIEW,other,18,18,10,37,4
1,317,0,REJECT,medium,10,7,6,125,4
0,324,0,REVIEW,medium,5,5,2,160,2
1,303,0,REVIEW,other,3,3,1,-1,0
0,665,0,PASS,medium,7,7,3,308,2
1,321,0,REVIEW,other,6,5,0,82,0
0,313,0,REVIEW,other,4,4,2,-1,0
0,477,0,REVIEW,other,5,5,2,201,2
1,320,0,REVIEW,other,6,6,1,-1,1
0,668,0,REVIEW,other,19,20,7,19,2
0,752,0,PASS,other,44,44,15,6,12
0,596,0,REVIEW,other,1,1,0,-1,0
0,394,0,PASS,other,12,12,4,11,4
0,482,0,PASS,medium,10,9,6,45,2
1,359,0,REVIEW,other,1,1,0,149,0
0,702,0,REVIEW,other,16,15,5,146,4
0,591,0,PASS,other,9,9,4,5,3
0,502,0,PASS,other,24,24,9,241,8
1,337,1,REVIEW,high,17,18,9,114,4
0,363,0,REVIEW,other,24,23,7,12,6
0,650,0,REVIEW,other,6,6,3,-1,3
0,541,0,REVIEW,other,7,8,3,-1,1
0,602,0,REVIEW,other,13,14,2,181,1
0,596,0,REVIEW,medium,0,0,0,-1,0
1,348,0,REJECT,high,4,4,4,-1,1
0,476,0,REVIEW,other,13,10,4,42,3
0,462,0,REVIEW,other,2,2,1,-1,0
0,413,0,REVIEW,other,11,11,4,21,2
1,611,1,REVIEW,medium,4,4,2,55,0
0,546,0,REJECT,other,16,15,7,66,6
0,426,0,PASS,other,11,10,3,8,2
0,383,0,REVIEW,high,6,6,2,66,0
0,639,0,REVIEW,medium,24,24,10,82,8
0,572,0,REVIEW,medium,14,14,9,21,7
0,555,0,PASS,high,4,4,3,113,0
1,598,0,REVIEW,other,6,6,2,-1,1
0,613,0,REVIEW,other,10,8,3,26,1
1,562,0,REVIEW,other,13,15,7,58,4
0,340,0,PASS,other,22,22,7,130,6
1,469,0,REVIEW,other,1,1,1,-1,0
0,644,0,PASS,other,4,4,2,344,1
1,512,0,PASS,other,11,11,4,-1,0
0,412,0,REVIEW,high,6,6,3,254,0
0,568,0,PASS,other,26,13,12,15,6
0,455,0,REVIEW,other,8,8,3,19,3
0,601,0,REVIEW,other,9,9,3,136,1
1,315,0,REVIEW,medium,14,15,7,216,6
0,482,0,REVIEW,medium,18,18,4,188,4
0,312,0,REVIEW,other,4,4,3,76,2
0,578,0,REVIEW,other,5,6,3,315,1
0,603,0,REVIEW,other,15,16,7,21,6
0,347,0,REVIEW,high,2,2,0,-1,0
0,535,0,REVIEW,other,12,12,8,16,4
1,473,0,REJECT,other,8,6,5,-1,2
0,625,0,REVIEW,other,10,9,5,26,5
0,320,0,REVIEW,other,0,0,0,-1,0
0,592,0,REVIEW,other,13,13,6,219,2
1,470,0,REVIEW,other,6,5,2,32,2
1,327,0,REVIEW,other,8,6,4,36,1
0,477,0,REVIEW,other,1,0,1,-1,0
0,689,0,REVIEW,other,11,11,5,14,3
0,481,0,PASS,medium,6,5,1,73,1
0,448,0,REVIEW,medium,14,14,8,12,4
0,597,0,PASS,other,28,29,10,12,6
1,346,0,REVIEW,other,5,5,1,328,0
0,523,0,REVIEW,other,3,3,2,-1,0
0,420,0,REVIEW,other,3,3,3,-1,3
1,459,0,REVIEW,other,6,6,2,-1,0
1,348,0,REVIEW,other,2,2,1,69,0
0,403,0,REVIEW,other,20,20,9,-1,7
0,480,0,REVIEW,medium,14,15,8,-1,3
0,598,0,PASS,medium,9,8,5,7,4
0,536,1,REVIEW,other,5,5,2,62,1
1,536,0,REVIEW,other,13,13,8,57,0
0,310,0,REVIEW,other,14,14,7,58,1
0,596,0,PASS,other,5,4,1,130,1
1,539,0,REVIEW,other,4,4,0,329,0
0,346,0,PASS,other,10,10,5,204,2
1,340,1,REVIEW,other,2,2,0,339,0
1,349,0,REVIEW,other,7,7,2,-1,1
0,622,0,REVIEW,other,15,14,5,126,3
0,514,0,PASS,high,10,10,6,-1,3
0,431,0,REVIEW,other,8,8,5,30,3
0,344,0,REVIEW,high,18,18,5,263,2
1,409,1,REVIEW,medium,3,3,1,-1,1
0,479,0,REJECT,other,9,9,4,254,2
0,709,0,REVIEW,other,21,22,10,17,8
1,408,0,REJECT,other,8,9,6,3,1
1,389,0,REVIEW,medium,2,2,0,77,0
1,437,0,REVIEW,other,5,5,3,179,1
1,371,0,REJECT,other,4,4,1,193,1
1,313,0,REVIEW,medium,12,11,5,89,3
0,496,0,PASS,other,19,18,10,44,1
0,362,0,REJECT,other,10,10,1,178,1
0,316,0,REVIEW,other,10,10,6,153,5
0,576,0,REVIEW,medium,10,10,2,-1,1
0,309,0,PASS,medium,6,6,4,109,3
0,702,0,PASS,medium,11,11,6,1,5
0,424,0,REVIEW,other,16,10,7,25,7
1,345,0,REVIEW,other,15,13,5,15,3
0,317,0,REVIEW,other,21,21,9,8,6
1,308,0,REVIEW,other,1,1,0,173,0
0,534,0,PASS,other,23,23,12,35,9
0,333,0,PASS,medium,7,7,3,7,3
1,437,0,REJECT,other,11,11,4,92,3
0,415,0,REVIEW,other,2,2,1,278,1
0,502,0,REVIEW,other,4,4,1,169,1
0,694,0,REVIEW,other,10,10,4,7,3
0,433,0,REVIEW,other,10,9,4,37,3
0,508,0,REVIEW,other,10,9,2,322,0
0,798,0,REVIEW,other,8,9,4,-1,2
1,346,0,REVIEW,medium,8,7,4,243,2
1,315,0,REVIEW,high,4,4,2,156,0
1,333,0,REVIEW,high,7,7,2,331,0
0,418,0,REVIEW,other,6,6,4,-1,1
0,318,0,PASS,other,11,10,3,121,3
1,332,1,REVIEW,medium,7,7,3,187,3
0,643,0,REVIEW,other,4,3,2,-1,0
0,480,0,REVIEW,other,13,13,5,98,1
0,678,0,PASS,other,5,5,2,-1,0
1,347,0,REVIEW,other,12,12,7,15,3
0,337,1,REJECT,high,12,12,5,51,3
1,414,0,REVIEW,other,8,8,6,56,0
0,696,0,REVIEW,other,24,24,9,6,6
0,606,0,REVIEW,other,18,18,5,42,4
1,572,0,REVIEW,other,7,7,4,-1,0
0,320,0,REVIEW,medium,2,3,1,202,1
0,349,0,REVIEW,other,8,8,6,22,3
0,444,0,REVIEW,other,13,13,6,10,5
1,358,0,REVIEW,other,1,0,1,-1,0
1,348,0,REVIEW,medium,22,23,9,5,7
0,414,0,PASS,other,16,16,7,7,3
0,517,0,REVIEW,medium,12,12,8,180,1
0,326,0,REVIEW,other,8,8,2,-1,2
0,636,0,REVIEW,other,11,12,6,-1,4
0,546,0,PASS,other,13,13,4,45,3
0,758,0,PASS,other,2,2,1,-1,0
0,313,0,PASS,other,19,19,9,59,5
1,315,0,REVIEW,other,9,9,3,18,1
0,345,0,REVIEW,other,21,22,6,4,6
0,549,0,REJECT,other,11,11,4,102,4
0,499,0,PASS,other,15,17,8,31,4
1,501,0,REVIEW,other,6,6,4,141,1
0,347,0,REVIEW,other,2,2,2,-1,1
1,344,0,REVIEW,other,3,3,2,311,1
1,453,0,REVIEW,other,3,3,0,77,0
1,309,1,REVIEW,other,5,4,0,72,0
0,395,0,REVIEW,other,10,12,5,4,5
1,611,0,REVIEW,other,6,5,3,180,1
0,552,0,REVIEW,other,11,11,5,-1,2
1,554,0,REVIEW,other,14,14,8,60,2
1,332,0,REVIEW,high,5,5,4,99,1
0,424,0,REVIEW,other,1,1,0,141,0
1,320,0,REVIEW,other,3,3,1,-1,0
1,467,0,REVIEW,other,4,4,1,68,0
0,403,0,REVIEW,other,1,1,0,229,0
1,400,1,REVIEW,other,2,2,1,331,1
0,328,0,REVIEW,medium,12,12,6,29,5
1,551,0,REVIEW,high,7,7,4,109,1
1,518,0,REVIEW,other,4,4,0,91,0
1,629,0,REVIEW,other,2,1,1,-1,0
0,316,0,REVIEW,other,8,6,5,-1,2
1,312,0,REVIEW,other,10,10,3,203,1
1,405,0,PASS,other,4,3,0,86,0
0,482,0,PASS,medium,10,9,8,27,3
0,628,0,PASS,other,22,21,8,29,8
1,481,0,REVIEW,other,5,5,2,197,0
1,397,0,REJECT,other,13,13,8,5,3
0,346,0,REVIEW,other,11,12,3,-1,0
0,639,0,REVIEW,other,13,13,7,348,7
1,337,0,REVIEW,high,2,2,0,175,0
0,527,0,REVIEW,other,5,5,1,-1,1
1,329,0,REVIEW,other,13,13,6,56,0
0,624,0,REVIEW,medium,9,9,5,219,4
0,606,0,REVIEW,other,13,13,6,36,3
1,369,0,PASS,other,5,5,0,97,0
0,531,0,PASS,other,9,9,6,328,4
0,361,0,REVIEW,other,8,8,5,-1,3
0,398,0,REVIEW,other,1,1,1,-1,1
0,340,0,REVIEW,other,16,16,7,78,4
0,632,0,REJECT,other,17,17,8,45,1
1,339,0,REVIEW,other,16,14,8,60,1
0,306,0,REJECT,medium,12,12,7,263,3
0,325,0,REVIEW,other,7,7,1,183,1
1,344,0,REVIEW,other,5,4,2,-1,1
0,499,0,REVIEW,other,5,5,4,-1,2
0,513,0,REVIEW,other,8,8,4,196,2
0,316,0,REVIEW,medium,9,9,7,259,5
0,621,0,REVIEW,medium,17,17,5,259,5
0,431,0,PASS,other,25,26,8,2,5
1,324,1,REJECT,high,11,11,5,-1,1
0,510,0,REVIEW,high,26,27,10,107,8
1,417,0,REVIEW,other,3,3,0,-1,0
0,601,0,PASS,other,18,18,8,283,6
0,602,0,REVIEW,other,17,17,4,8,3
0,508,0,PASS,other,15,15,10,12,10
0,431,0,PASS,other,7,7,4,-1,1
0,659,0,REVIEW,other,11,11,5,355,5
0,521,0,PASS,other,30,31,12,3,7
1,310,1,REVIEW,other,0,0,0,134,0
0,309,0,REVIEW,other,7,7,2,-1,1
0,647,0,REVIEW,medium,5,5,4,181,2
1,576,0,REVIEW,other,2,2,1,-1,0
1,346,0,REJECT,other,7,7,2,-1,0
0,558,0,REVIEW,medium,20,20,12,9,7
0,447,0,REVIEW,other,21,19,6,93,5
0,457,0,REVIEW,other,17,18,8,2,7
0,508,0,REVIEW,other,3,3,2,-1,1
1,330,0,REJECT,high,3,3,3,60,0
0,577,0,REVIEW,other,10,12,3,77,3
1,658,0,REVIEW,other,11,10,4,280,1
0,375,0,REVIEW,other,10,10,4,149,2
0,375,0,REVIEW,other,7,7,4,282,3
0,333,0,REVIEW,other,7,7,7,57,1
0,523,0,PASS,medium,12,13,4,282,4
0,341,0,PASS,other,16,16,8,9,7
1,370,0,REVIEW,other,9,9,0,74,0
0,526,0,REVIEW,other,0,0,0,-1,0
0,607,0,REVIEW,other,15,15,6,-1,5
0,540,0,PASS,other,7,7,5,-1,3
1,395,0,REJECT,other,9,9,3,90,0
0,339,0,REVIEW,other,3,3,1,-1,1
0,336,0,PASS,medium,15,15,9,270,6
0,493,0,REVIEW,other,12,13,3,11,2
0,334,0,REVIEW,other,6,7,2,273,2
0,704,0,PASS,other,32,30,9,15,6
0,332,0,REVIEW,medium,13,13,4,173,3
0,550,0,PASS,other,14,15,6,4,4
1,346,0,PASS,other,8,8,6,43,1
1,770,0,PASS,other,4,1,1,-1,0
0,619,0,REVIEW,other,5,5,1,-1,0
0,392,0,PASS,medium,16,16,7,15,5
1,440,0,REVIEW,other,7,7,2,-1,0
0,469,0,REVIEW,other,18,18,10,29,8
0,324,0,PASS,medium,6,5,3,158,1
0,457,0,REVIEW,other,0,0,0,-1,0
1,358,0,REVIEW,other,4,4,1,128,0
0,536,0,REVIEW,medium,6,6,1,24,1
0,333,0,REVIEW,other,6,2,3,5,2
0,612,0,REVIEW,other,16,16,5,64,3
0,545,0,PASS,other,11,11,4,9,1
1,464,0,REVIEW,other,1,1,1,-1,1
1,465,0,REVIEW,other,6,6,1,264,0
1,347,0,REVIEW,other,4,4,2,132,2
0,340,0,REVIEW,other,20,19,7,34,7
0,347,0,REVIEW,medium,8,8,3,-1,2
1,552,0,REVIEW,other,5,5,0,-1,0
0,546,0,PASS,other,12,12,5,7,3
0,589,0,REVIEW,other,4,5,2,8,2
1,463,1,REVIEW,other,5,5,0,-1,0
1,343,0,REJECT,high,8,8,2,35,0
1,333,0,PASS,medium,11,11,8,61,2
1,337,0,REJECT,other,4,4,3,-1,1
0,784,0,REVIEW,other,24,23,9,5,6
0,576,0,REVIEW,medium,12,11,4,26,3
0,348,0,REVIEW,medium,8,8,2,-1,0
0,553,0,REVIEW,other,5,5,2,197,1
0,475,0,REVIEW,other,9,9,4,157,1
0,337,0,REVIEW,other,6,6,2,-1,2
1,447,1,REVIEW,other,0,0,0,169,0
0,723,0,REVIEW,other,24,24,8,4,5
0,532,0,REVIEW,other,8,6,2,66,2
1,313,1,REVIEW,high,9,8,5,60,4
0,507,0,REVIEW,other,13,13,4,-1,3
0,372,0,REVIEW,other,10,10,6,-1,2
0,468,0,REVIEW,other,7,7,2,-1,1
1,348,0,REVIEW,other,11,11,4,64,0
1,340,0,REVIEW,other,6,6,4,-1,1
0,347,0,PASS,other,12,11,6,162,2
1,342,0,REVIEW,medium,10,8,4,177,4
1,311,0,REVIEW,other,7,7,5,-1,4
1,345,0,PASS,other,16,16,7,-1,2
0,754,0,REVIEW,medium,5,3,1,-1,1
0,576,0,REVIEW,other,6,6,2,30,2
0,344,0,PASS,other,7,7,4,205,2
0,510,0,REVIEW,other,22,21,10,6,9
1,319,0,REVIEW,other,1,1,0,-1,0
1,345,0,REVIEW,other,13,13,7,22,1
1,525,0,REVIEW,other,10,8,6,170,4
1,516,0,REVIEW,other,2,2,0,-1,0
1,607,0,REJECT,other,4,4,4,54,0
0,432,0,PASS,other,25,25,9,6,7
1,345,0,REVIEW,other,5,5,0,155,0
0,310,0,REVIEW,other,10,11,6,10,4
0,621,0,REVIEW,other,2,2,1,-1,1
0,318,0,REVIEW,other,8,8,3,-1,1
0,509,0,REVIEW,medium,5,5,4,47,2
0,411,0,REVIEW,other,15,16,6,5,5
0,403,0,REVIEW,medium,17,17,8,30,6
0,615,0,PASS,other,14,15,5,307,4
1,532,0,REVIEW,other,5,5,2,-1,0
0,515,0,REVIEW,other,7,7,4,146,2
1,310,0,REVIEW,high,2,2,0,206,0
0,317,1,REVIEW,other,3,2,0,-1,0
0,681,0,PASS,other,6,6,4,-1,1
0,514,0,PASS,medium,8,9,2,-1,1
1,539,1,REVIEW,other,0,0,0,186,0
1,304,1,REVIEW,medium,9,9,5,8,4
1,310,0,REVIEW,other,6,6,4,351,0
0,808,0,REVIEW,other,6,6,2,-1,2
1,348,0,REVIEW,medium,11,7,3,60,1
0,332,0,REVIEW,other,8,8,1,78,1
0,424,0,REVIEW,other,11,11,6,-1,5
1,337,0,REVIEW,medium,6,6,2,217,2
0,483,0,PASS,other,16,16,9,20,8
0,346,0,REJECT,high,5,5,2,200,1
0,747,0,REVIEW,other,3,3,1,133,1
1,375,0,REVIEW,other,5,4,0,-1,0
0,646,0,REVIEW,medium,7,7,3,136,3
0,335,0,REVIEW,other,19,20,8,14,5
0,331,0,REVIEW,medium,6,6,4,183,1
0,484,0,REVIEW,other,10,10,8,233,8
0,314,0,REVIEW,other,4,4,3,56,0
0,416,0,PASS,other,7,7,3,162,1
1,318,0,REVIEW,high,5,6,4,179,4
1,304,0,REVIEW,other,8,8,6,33,2
1,327,0,REVIEW,high,4,4,3,-1,3
1,604,0,REVIEW,other,1,1,0,100,0
0,567,0,PASS,other,9,8,3,-1,3
0,615,0,REVIEW,other,6,6,4,-1,2
1,312,0,REVIEW,other,1,1,0,97,0
0,349,0,REVIEW,other,1,1,1,145,1
0,463,0,REVIEW,other,9,9,3,16,3
1,402,0,REVIEW,medium,3,3,2,231,0
0,355,0,REVIEW,other,1,1,0,-1,0
1,331,1,REVIEW,other,1,1,1,308,0
1,372,0,REVIEW,none,0,0,0,-1,0
0,515,0,REVIEW,medium,4,4,1,-1,0
0,495,0,REVIEW,other,4,4,3,-1,2
1,399,0,REVIEW,other,5,5,2,-1,1
1,515,0,REVIEW,other,6,6,3,63,0
0,544,0,PASS,other,12,14,4,-1,2
0,630,0,PASS,other,12,12,6,36,6
0,369,0,REVIEW,other,10,10,5,193,4
0,427,0,REVIEW,medium,4,4,0,-1,0
0,331,0,REVIEW,other,3,2,2,-1,0
0,586,0,REVIEW,other,11,11,4,10,4
0,659,0,REVIEW,other,10,9,3,16,2
0,680,0,REVIEW,other,7,7,2,73,2
0,555,0,PASS,other,6,6,2,73,1
0,438,0,REVIEW,other,1,1,0,-1,0
0,473,0,REVIEW,other,17,16,8,8,7
0,311,0,REVIEW,other,5,5,4,-1,2
0,311,0,REVIEW,other,10,10,4,-1,3
1,347,0,REVIEW,other,3,3,1,-1,0
0,781,0,REVIEW,other,29,27,11,7,8
1,366,0,REVIEW,other,12,12,6,322,3
0,346,0,REVIEW,other,7,6,2,-1,0
0,426,0,REVIEW,other,15,13,8,4,4
0,316,0,PASS,other,8,8,7,-1,1
0,527,0,REJECT,other,9,9,5,-1,2
0,336,0,REVIEW,other,33,33,10,8,8
0,599,0,REVIEW,medium,12,12,5,93,3
1,473,0,REVIEW,other,6,6,2,81,0
0,407,0,REVIEW,other,11,11,6,7,3
0,587,0,REVIEW,other,15,15,9,9,7
1,810,0,REVIEW,high,4,4,1,-1,1
1,322,0,REVIEW,other,9,9,5,58,0
0,481,0,REJECT,high,15,16,4,-1,4
0,319,0,PASS,other,8,10,5,152,5
0,315,0,REVIEW,other,2,2,0,144,0
1,399,0,REVIEW,other,13,13,4,-1,0
0,584,0,PASS,other,14,13,4,-1,3
1,316,0,REVIEW,high,6,6,1,280,1
0,403,0,REVIEW,medium,13,14,5,6,5
0,444,0,REVIEW,other,22,23,8,16,5
0,341,0,REVIEW,other,21,21,6,106,4
1,530,0,REVIEW,other,1,0,0,-1,0
1,340,0,REJECT,high,5,5,3,145,0
1,328,0,REJECT,other,6,6,0,272,0
1,332,0,REVIEW,medium,5,5,3,111,1
0,446,0,PASS,other,4,4,2,27,2
0,595,0,REJECT,high,31,30,7,251,2
1,313,0,REVIEW,other,2,2,1,-1,0
1,302,0,REVIEW,other,2,2,1,270,1
0,325,0,REVIEW,other,13,13,3,80,2
1,341,0,REVIEW,other,5,4,0,115,0
1,351,0,REVIEW,other,2,3,2,-1,0
0,666,0,PASS,other,21,22,10,4,5
0,356,0,PASS,other,5,5,3,128,3
0,490,0,REVIEW,other,8,8,3,115,2
0,380,0,PASS,other,5,5,1,318,0
1,347,0,REVIEW,other,10,9,4,-1,3
1,683,0,REVIEW,other,11,11,7,61,1
0,324,0,REVIEW,other,16,16,5,28,3
0,346,0,PASS,high,6,7,3,322,2
0,308,0,REVIEW,other,11,12,4,3,3
0,348,0,REVIEW,other,0,0,0,-1,0
1,543,0,REVIEW,other,3,3,0,-1,0
1,493,0,REVIEW,other,9,9,2,56,0
0,349,0,REVIEW,other,10,10,5,40,3
0,806,0,PASS,other,20,20,5,39,2
0,388,0,PASS,medium,24,24,11,328,11
1,438,1,REVIEW,high,8,7,3,192,2
1,325,0,REVIEW,high,9,9,6,188,5
0,503,0,REVIEW,other,19,15,8,24,7
0,413,0,REVIEW,medium,15,14,6,-1,1
0,334,0,REVIEW,other,4,3,3,148,2
1,526,0,REVIEW,none,2,2,0,-1,0
1,446,0,REVIEW,other,2,2,0,79,0
0,411,0,PASS,other,22,22,10,-1,9
1,421,0,REVIEW,other,14,14,4,121,3
0,553,0,REVIEW,other,13,13,7,4,4
0,345,0,REVIEW,other,3,3,1,-1,1
1,662,0,REVIEW,other,8,7,4,-1,0
1,334,0,REVIEW,other,13,13,4,358,3
0,611,0,REVIEW,other,20,18,10,5,9
1,341,0,REVIEW,medium,8,8,3,61,0
0,555,0,REVIEW,other,3,3,1,185,0
0,441,0,REVIEW,other,6,5,4,126,1
1,478,0,REVIEW,other,5,5,2,-1,1
0,612,0,PASS,other,49,49,14,7,11
1,340,0,REVIEW,other,4,4,3,296,0
0,307,0,REVIEW,other,8,8,5,-1,2
0,590,0,PASS,other,11,11,4,32,3
0,352,0,REVIEW,other,11,11,7,-1,4
0,467,0,REVIEW,medium,17,17,5,54,3
1,493,0,REVIEW,other,3,3,0,-1,0
0,326,0,REVIEW,other,8,8,4,-1,3
0,343,0,REVIEW,other,6,4,4,267,1
0,512,0,PASS,other,5,5,2,-1,0
1,308,0,REVIEW,other,6,6,0,-1,0
0,457,0,REVIEW,other,5,5,1,166,1
0,367,0,REVIEW,other,9,9,4,-1,0
0,328,0,PASS,other,15,14,8,307,7
1,618,0,REVIEW,other,9,9,1,-1,0
0,329,0,REVIEW,other,17,17,8,27,7
0,324,0,PASS,other,20,21,9,9,5
1,346,0,REVIEW,other,4,3,1,100,0
0,498,0,PASS,medium,6,6,3,284,3
1,571,0,REVIEW,other,3,3,2,58,0
1,340,0,REVIEW,other,8,8,3,142,2
0,667,0,PASS,medium,6,6,4,10,1
1,583,0,REVIEW,other,5,5,5,120,3
0,353,0,REVIEW,medium,11,11,6,167,4
1,409,0,REVIEW,other,13,12,6,107,1
1,317,1,REVIEW,medium,5,5,1,156,0
0,655,0,REVIEW,other,9,8,5,14,5
0,614,0,PASS,medium,9,9,3,-1,2
0,537,0,REVIEW,other,14,13,7,339,6
1,572,0,REVIEW,other,7,7,2,-1,2
0,344,0,REVIEW,other,2,2,0,318,0
0,348,0,REVIEW,other,7,6,3,331,1
0,808,0,REVIEW,other,9,10,6,5,6
0,552,0,PASS,other,17,17,7,10,5
1,322,0,PASS,other,6,6,0,79,0
1,614,0,PASS,other,7,7,5,62,0
0,616,0,REVIEW,other,13,2,2,7,2
1,340,0,REVIEW,medium,2,2,1,284,0
0,655,0,PASS,other,28,28,9,107,5
0,760,0,REVIEW,medium,18,19,10,225,6
0,513,0,REVIEW,medium,11,12,7,-1,4
0,548,0,REVIEW,other,12,14,7,-1,5
0,590,0,REVIEW,other,22,22,8,7,6
0,485,0,REVIEW,medium,7,7,2,196,2
1,348,0,REVIEW,high,3,3,0,-1,0
0,546,0,PASS,other,28,28,11,11,7
1,348,0,REVIEW,other,5,5,2,114,0
1,310,0,REVIEW,other,9,8,4,184,1
1,572,0,REJECT,high,16,18,7,233,7
0,700,0,REVIEW,other,5,2,2,-1,0
1,349,0,REVIEW,other,3,3,1,236,0
0,423,0,PASS,other,17,15,7,8,7
0,419,0,REVIEW,medium,19,18,6,78,5
1,315,0,REVIEW,other,7,7,5,334,3
1,481,0,REVIEW,other,19,20,7,65,2
0,737,0,PASS,other,22,21,5,87,5
0,595,0,PASS,other,11,11,0,72,0
0,365,0,REVIEW,other,15,15,5,74,4
0,721,0,REVIEW,other,15,14,9,8,4
1,392,0,PASS,other,8,8,4,-1,0
0,420,0,REVIEW,other,12,12,5,-1,3
0,342,0,PASS,other,36,37,11,8,10
1,314,1,REVIEW,high,5,5,2,80,1
1,313,0,REJECT,other,16,16,8,11,7
1,356,0,REVIEW,other,6,6,3,79,0
0,486,0,PASS,other,9,9,3,99,3
0,387,0,PASS,other,13,13,7,15,4
1,334,0,REJECT,other,14,13,7,19,5
1,355,0,REVIEW,other,5,5,0,88,0
0,344,0,PASS,other,16,16,9,5,7
1,309,0,REVIEW,other,7,7,3,28,2
1,304,0,REJECT,other,20,19,8,18,7
1,345,0,REJECT,other,13,13,7,7,5
0,350,0,REVIEW,other,14,12,4,139,2
0,321,0,PASS,other,18,18,8,12,6
1,674,0,PASS,other,12,10,7,47,1
0,443,0,REJECT,medium,8,8,2,42,1
0,573,0,REVIEW,other,4,5,2,-1,1
0,575,0,REVIEW,other,6,6,6,61,1
0,351,0,REVIEW,other,11,14,8,-1,5
1,702,0,REVIEW,other,1,1,1,-1,0
0,602,0,REVIEW,other,23,24,9,11,7
0,715,0,REVIEW,other,6,6,1,-1,1
1,357,0,REVIEW,high,2,2,1,190,1
1,678,0,REVIEW,other,3,3,2,67,0
1,434,0,REVIEW,other,1,1,1,242,1
1,344,0,REVIEW,other,18,17,10,61,0
0,653,0,REVIEW,other,23,23,9,95,5
0,305,0,PASS,other,17,17,7,73,0
0,348,0,REVIEW,other,14,14,3,218,3
1,352,0,REVIEW,other,14,15,5,140,4
0,493,0,REVIEW,other,6,6,3,18,3
1,405,0,REVIEW,medium,7,7,2,-1,2
0,440,0,REVIEW,other,8,8,5,107,4
0,598,0,PASS,other,16,16,8,36,2
1,348,1,REVIEW,other,7,7,2,70,0
0,626,0,PASS,other,15,14,6,12,5
1,308,0,REVIEW,other,5,5,2,74,0
0,677,0,REVIEW,other,6,6,1,-1,1
0,425,0,REVIEW,other,26,25,8,34,6
1,331,0,REVIEW,other,6,6,3,314,0
1,655,0,REVIEW,other,9,9,7,-1,7
1,609,0,REVIEW,medium,13,9,4,93,1
1,533,0,REVIEW,other,14,13,3,71,0
1,348,0,REVIEW,other,4,4,0,89,0
0,616,0,REVIEW,other,21,19,6,6,6
1,338,0,REVIEW,other,0,0,0,-1,0
1,590,0,PASS,other,1,1,0,344,0
0,525,0,PASS,other,21,23,11,11,7
0,397,0,REVIEW,other,23,23,10,47,5
0,526,0,REJECT,other,4,4,4,113,0
0,546,0,REVIEW,other,8,7,3,145,3
0,530,0,REVIEW,other,5,5,2,49,1
0,445,0,REVIEW,high,12,11,6,-1,3
0,346,0,REVIEW,other,9,9,3,25,3
0,513,0,PASS,medium,16,16,8,75,5
1,316,0,REVIEW,other,4,4,4,108,0
0,354,0,REVIEW,other,7,7,3,277,2
1,347,0,REVIEW,medium,1,1,1,255,0
0,431,0,REVIEW,medium,7,7,3,103,3
1,330,0,REVIEW,medium,6,5,0,78,0
0,423,0,REVIEW,other,21,23,10,2,6
0,408,0,REVIEW,other,11,13,6,218,3
0,557,0,REVIEW,other,7,6,4,-1,2
1,320,1,REJECT,medium,10,11,6,25,2
1,345,0,REVIEW,other,2,3,0,156,0
1,305,0,REVIEW,other,6,6,1,132,0
0,536,0,PASS,medium,22,23,14,10,9
0,675,0,REVIEW,medium,4,4,4,199,2
0,331,0,PASS,other,26,26,12,26,8
1,314,0,REVIEW,other,7,7,1,68,0
1,397,0,REVIEW,other,19,19,9,84,0
0,346,0,REJECT,high,10,10,4,272,4
0,346,0,REVIEW,other,14,14,5,9,3
1,403,0,REJECT,other,3,5,2,206,0
1,305,0,REVIEW,other,4,4,0,76,0
0,422,0,PASS,other,24,24,8,5,6
1,387,0,REVIEW,other,12,11,4,191,2
0,336,0,REJECT,medium,6,2,3,239,3
0,812,0,REVIEW,medium,6,7,2,-1,2
0,570,0,REVIEW,medium,5,6,4,166,1
0,641,0,REVIEW,medium,8,8,4,24,2
0,338,0,REVIEW,other,17,15,11,8,7
1,398,0,REVIEW,other,10,9,4,56,2
0,342,0,REVIEW,other,14,14,5,59,1
1,373,0,REVIEW,high,6,6,0,83,0
0,652,0,PASS,other,18,18,6,90,4
0,347,0,REJECT,medium,10,10,3,151,3
0,312,0,REVIEW,other,2,1,1,-1,0
0,484,0,REVIEW,medium,18,19,6,24,5
0,351,0,REVIEW,other,0,0,0,-1,0
0,332,0,PASS,other,12,12,7,32,3
1,416,0,REVIEW,other,7,7,1,169,0
0,370,0,REJECT,other,15,16,7,58,5
0,562,0,PASS,other,8,8,6,47,3
1,433,0,REVIEW,other,7,7,4,276,1
1,346,0,REVIEW,other,9,9,3,-1,1
1,348,0,REJECT,other,24,17,11,15,6
1,333,0,REVIEW,high,2,2,0,242,0
1,349,0,REVIEW,medium,3,3,1,347,0
0,642,0,REVIEW,medium,15,15,5,29,4
1,342,0,REVIEW,other,3,1,1,-1,0
0,410,0,PASS,other,28,26,11,1,7
0,418,0,PASS,other,16,16,8,-1,4
0,538,0,REVIEW,other,12,12,4,58,0
0,443,0,REVIEW,other,12,10,6,9,2
0,569,0,REVIEW,other,12,12,5,-1,4
1,387,0,REVIEW,other,5,6,2,-1,1
1,402,0,REVIEW,other,11,11,4,-1,2
0,584,0,REVIEW,other,8,8,6,14,4
0,662,0,PASS,medium,7,5,2,94,0
0,322,0,REVIEW,other,44,45,14,15,10
1,323,0,REJECT,high,10,10,5,303,3
0,401,0,REVIEW,high,3,2,0,136,0
0,752,0,REVIEW,other,8,8,2,116,2
0,335,0,PASS,other,14,14,7,46,3
0,315,0,PASS,other,19,18,6,-1,3
1,315,1,REVIEW,other,2,2,1,153,1
1,314,1,REVIEW,other,23,23,7,12,7
0,439,0,REVIEW,other,16,18,5,6,4
1,303,0,REVIEW,other,12,11,4,69,1
0,368,0,REVIEW,other,6,6,1,68,0
0,348,0,PASS,other,7,7,5,15,3
0,666,0,REVIEW,other,12,13,5,7,2
0,527,0,PASS,other,31,31,12,5,10
0,351,0,REVIEW,other,2,1,0,-1,0
0,369,0,REVIEW,medium,11,9,6,8,3
0,635,0,REVIEW,other,13,10,7,54,2
1,397,0,REVIEW,other,7,5,0,-1,0
1,466,0,REVIEW,other,3,3,1,129,0
1,348,0,REVIEW,other,0,0,0,-1,0
1,346,0,REVIEW,high,2,1,1,270,0
1,348,1,PASS,medium,4,4,1,195,1
1,418,0,REVIEW,other,3,3,3,-1,2
0,533,0,REVIEW,other,5,5,1,344,1
0,766,0,REJECT,other,7,7,5,-1,3
1,487,0,REVIEW,other,17,17,4,76,0
0,322,0,PASS,other,12,12,8,42,2
1,315,1,REVIEW,other,5,5,3,270,2
1,315,1,REVIEW,medium,10,8,4,-1,3
1,369,0,REJECT,other,15,14,8,182,2
0,347,0,REJECT,other,14,14,6,-1,4
1,349,0,REVIEW,other,4,3,0,105,0
0,523,0,REVIEW,other,2,2,1,203,1
1,586,1,REVIEW,other,14,13,5,55,0
1,429,0,REVIEW,other,1,1,0,257,0
1,551,0,REVIEW,other,1,1,1,-1,1
1,423,0,REVIEW,other,3,3,1,136,0
1,343,0,PASS,other,18,18,2,-1,1
1,325,0,REVIEW,medium,6,6,4,142,0
0,370,0,PASS,other,10,8,6,12,4
1,328,0,REJECT,high,4,4,2,181,1
0,403,0,PASS,other,4,4,1,-1,1
0,474,0,PASS,other,15,16,9,14,7
1,344,0,REVIEW,other,10,10,2,78,1
0,624,0,REVIEW,other,3,3,2,258,2
0,443,0,PASS,other,22,22,9,32,8
0,437,0,REJECT,high,3,3,2,145,1
1,334,0,REVIEW,other,10,9,7,42,0
1,625,0,REVIEW,other,1,1,0,122,0
0,420,0,REVIEW,other,3,3,1,133,1
1,344,1,REVIEW,other,9,9,3,128,0
1,528,0,REJECT,other,5,6,1,73,0
0,626,0,PASS,other,17,17,6,166,5
0,590,0,REVIEW,other,10,12,3,128,2
0,337,0,REJECT,high,14,12,4,240,1
1,588,0,REVIEW,other,1,1,1,-1,0
1,555,0,REVIEW,other,8,8,0,324,0
0,599,0,REJECT,high,12,9,6,27,5
0,559,0,REVIEW,other,6,5,2,-1,1
1,305,0,REVIEW,other,5,5,3,263,2
1,316,0,REJECT,medium,20,18,6,80,5
1,481,0,REVIEW,medium,3,3,1,190,1
1,564,0,REVIEW,other,1,1,0,-1,0
0,662,0,REVIEW,medium,12,13,7,313,2
1,486,0,REJECT,high,13,13,3,68,1
0,418,0,REVIEW,other,12,12,3,68,1
0,306,0,PASS,other,15,16,5,101,4
0,349,0,REVIEW,other,29,29,8,6,4
0,306,0,REVIEW,other,8,8,2,13,1
0,329,0,REVIEW,medium,4,4,3,183,0
0,429,0,REVIEW,other,19,21,9,14,7
0,330,0,REVIEW,other,12,10,6,29,4
1,349,0,PASS,other,19,18,4,5,3
1,345,0,REVIEW,medium,7,7,4,235,1
0,593,0,REVIEW,other,15,16,8,-1,3
1,580,0,REVIEW,other,10,10,0,86,0
0,458,0,REVIEW,other,7,7,1,68,1
1,333,0,PASS,other,9,6,3,56,1
0,598,0,PASS,other,18,18,6,103,5
0,509,0,REVIEW,other,6,5,3,13,3
0,512,0,PASS,other,14,14,4,-1,3
0,601,0,REVIEW,other,16,15,9,14,3
1,609,0,REVIEW,other,9,9,6,59,3
0,448,0,PASS,other,19,19,5,49,3
1,343,0,REVIEW,other,5,5,3,106,2
1,713,0,REVIEW,other,17,17,9,73,0
1,328,1,REVIEW,high,13,13,4,301,3
1,360,0,PASS,other,7,4,3,-1,3
1,336,0,REVIEW,other,10,10,5,245,0
0,478,0,REVIEW,other,7,5,3,-1,2
1,349,0,REVIEW,other,3,3,1,191,1
1,403,0,REVIEW,other,12,11,2,-1,0
0,466,0,REVIEW,other,13,11,5,20,2
0,338,1,REVIEW,other,8,8,4,-1,4
0,430,0,REJECT,high,13,9,5,57,2
0,348,0,PASS,other,4,3,1,127,0
1,327,0,REVIEW,high,4,5,1,190,1
0,459,0,REVIEW,other,14,14,4,59,1
1,331,0,REJECT,other,12,11,4,213,4
1,338,0,REVIEW,other,7,7,3,-1,2
0,333,0,REVIEW,medium,2,2,1,-1,1
0,332,0,REVIEW,other,17,17,6,22,4
0,413,0,PASS,other,23,22,9,307,6
0,448,0,REVIEW,other,12,11,5,171,4
0,623,0,PASS,other,11,11,7,26,5
0,467,0,PASS,medium,11,10,3,-1,0
1,338,1,REVIEW,other,2,2,0,-1,0
0,585,0,REVIEW,other,1,1,1,-1,0
1,429,1,REVIEW,medium,5,5,2,-1,1
0,529,0,REVIEW,other,19,19,8,151,7
0,504,0,REVIEW,other,19,20,10,10,8
1,339,0,REVIEW,other,5,4,1,148,0
0,572,0,REVIEW,other,20,20,6,10,3
1,608,0,REVIEW,other,10,5,2,93,1
1,343,0,REVIEW,other,4,4,4,175,1
1,324,1,REVIEW,medium,4,4,4,245,0
1,630,1,REVIEW,high,14,14,7,229,1
0,603,0,REJECT,other,1,1,1,-1,1
0,344,0,REVIEW,other,4,4,3,266,0
1,327,0,REVIEW,other,20,20,7,106,2
0,749,0,REJECT,other,9,12,3,67,1
1,767,0,REVIEW,other,1,1,0,-1,0
0,448,0,REVIEW,other,8,8,3,80,2
1,327,0,REVIEW,other,16,16,5,-1,0
0,314,0,REVIEW,other,14,14,3,13,2
0,341,0,REVIEW,other,4,5,2,240,0
0,482,0,PASS,medium,4,4,2,46,2
1,346,1,REVIEW,medium,21,22,7,228,6
1,339,0,PASS,other,8,7,3,-1,1
1,335,0,REVIEW,medium,1,1,1,135,0
0,469,0,REJECT,medium,3,3,2,-1,2
0,342,0,PASS,other,11,11,3,65,2
0,501,0,REVIEW,other,11,11,3,6,2
1,344,0,REJECT,other,5,5,2,142,0
0,528,0,REVIEW,other,18,20,9,-1,4
0,577,0,REJECT,other,26,26,10,21,5
0,353,0,REVIEW,medium,6,7,5,121,5
1,346,0,REVIEW,high,4,4,3,185,0
0,502,0,PASS,other,14,14,6,10,5
1,305,1,REVIEW,other,2,3,1,-1,0
1,334,0,REVIEW,other,7,3,0,92,0
1,327,1,REVIEW,other,2,2,1,245,0
0,460,1,REJECT,medium,17,17,6,186,4
1,364,0,PASS,other,0,0,0,153,0
1,361,0,PASS,other,2,2,2,-1,0
0,335,0,REVIEW,other,7,7,3,-1,2
0,339,0,REVIEW,other,8,8,4,136,2
0,501,0,REVIEW,other,21,21,11,56,5
0,518,0,PASS,high,12,9,6,-1,3
0,329,0,PASS,other,14,14,6,316,5
0,460,0,PASS,medium,18,18,5,188,2
1,325,0,REVIEW,other,6,6,2,155,1
0,526,0,PASS,other,13,8,5,-1,5
0,630,0,PASS,other,6,6,6,-1,2
1,457,0,REVIEW,other,6,5,0,-1,0
0,683,0,REVIEW,medium,8,8,1,169,1
0,536,0,REJECT,other,1,1,0,345,0
1,501,0,REVIEW,other,7,7,1,152,1
0,403,0,REJECT,other,16,16,5,20,4
1,313,0,REVIEW,other,1,1,1,126,1
1,643,0,REJECT,none,0,0,0,-1,0
0,341,0,REVIEW,medium,21,20,6,79,5
0,507,0,REVIEW,other,6,6,0,67,0
1,438,0,REVIEW,medium,5,5,5,121,3
0,786,0,REVIEW,medium,17,17,9,54,6
1,412,0,REVIEW,other,3,2,0,-1,0
1,316,0,REVIEW,medium,10,10,7,58,0
1,700,0,PASS,other,9,9,2,-1,1
1,409,0,REJECT,medium,3,3,2,310,0
1,418,0,REVIEW,other,10,10,2,137,0
0,632,0,REVIEW,medium,17,17,9,36,9
0,509,0,PASS,other,18,17,10,180,4
0,661,0,PASS,other,17,17,6,19,5
1,501,0,REVIEW,other,6,6,2,71,0
0,658,0,REVIEW,none,0,0,0,-1,0
1,412,0,REVIEW,other,3,2,1,-1,0
1,417,0,PASS,other,7,5,2,39,0
0,349,0,REVIEW,other,14,14,7,46,4
0,620,0,PASS,other,11,11,5,-1,3
0,524,0,REVIEW,other,5,5,2,-1,1
0,328,0,REVIEW,other,7,7,3,227,2
0,348,0,REJECT,other,4,4,3,-1,0
0,324,0,REVIEW,other,1,1,0,-1,0
0,427,0,REVIEW,medium,8,8,4,143,1
0,560,0,PASS,medium,12,13,4,135,2
0,325,0,PASS,other,10,10,2,5,2
1,345,0,REVIEW,other,9,9,5,-1,0
0,509,0,REVIEW,other,11,11,5,31,2
0,482,0,REVIEW,medium,22,23,8,15,6
0,633,0,REVIEW,medium,12,9,4,111,2
0,549,0,PASS,other,17,16,7,2,4
0,387,0,REVIEW,other,9,6,3,-1,2
0,533,0,REVIEW,other,22,22,7,22,6
0,480,0,REVIEW,other,11,12,4,78,2
1,657,0,REVIEW,other,6,6,3,-1,0
1,338,0,REVIEW,other,15,15,5,110,4
1,320,1,REVIEW,high,15,15,4,85,1
0,344,0,REVIEW,medium,16,16,8,129,5
0,653,0,PASS,other,4,4,2,211,1
0,475,0,REVIEW,other,6,6,3,180,3
1,703,0,REVIEW,other,3,3,2,-1,2
0,527,0,PASS,other,25,24,9,51,6
1,313,0,REVIEW,other,11,11,5,59,0
0,458,0,REJECT,medium,14,14,4,318,3
0,526,0,REVIEW,other,5,5,1,-1,1
0,501,1,REJECT,other,15,16,6,14,6
0,624,0,PASS,other,9,9,5,5,3
0,309,0,REVIEW,other,4,4,3,-1,3
1,306,0,REVIEW,other,4,4,2,235,0
0,460,0,REVIEW,medium,8,8,4,228,1
0,459,0,REVIEW,other,1,1,1,-1,0
1,316,0,REVIEW,medium,6,6,2,336,2
0,316,0,PASS,other,16,16,9,20,4
1,348,0,REVIEW,other,5,5,0,108,0
1,309,0,REVIEW,other,4,3,0,71,0
0,378,0,REVIEW,other,3,3,2,-1,0
1,334,0,REJECT,other,6,6,2,187,0
0,489,0,PASS,other,11,11,5,70,2
1,412,0,REVIEW,high,1,1,1,146,0
1,340,0,REVIEW,other,15,14,4,-1,0
0,501,0,PASS,other,6,4,1,-1,0
0,684,0,REVIEW,other,9,11,6,5,6
0,319,0,PASS,other,16,16,5,7,4
0,458,0,REVIEW,other,10,10,7,9,7
0,472,0,PASS,other,19,19,8,10,5
1,596,0,PASS,other,5,4,1,-1,1
1,404,0,REVIEW,none,0,0,0,191,0
1,301,0,REVIEW,medium,9,7,4,64,2
0,550,0,PASS,other,16,14,8,-1,4
1,415,0,REVIEW,other,8,8,5,-1,0
0,415,0,PASS,other,28,24,8,9,5
0,391,0,REVIEW,other,7,7,1,-1,0
0,337,0,REVIEW,high,21,23,7,253,5
0,567,0,REVIEW,medium,6,6,4,137,4
1,303,0,PASS,other,7,7,2,-1,0
0,332,0,REVIEW,other,3,3,1,133,0
1,349,1,REVIEW,other,4,4,0,67,0
0,373,0,REVIEW,other,1,1,0,-1,0
0,366,0,PASS,other,29,31,9,3,8
0,314,0,REVIEW,other,19,19,10,16,7
1,346,0,REVIEW,other,3,3,3,-1,0
1,341,0,REVIEW,other,6,6,5,64,2
0,562,0,PASS,other,10,10,4,9,3
1,433,0,REJECT,medium,5,1,3,209,0
0,626,0,REVIEW,other,21,21,12,87,2
0,653,0,REVIEW,other,13,15,7,-1,3
1,337,0,REVIEW,other,5,5,3,-1,3
0,486,0,REVIEW,other,11,10,3,44,0
0,690,0,REVIEW,other,4,3,1,-1,1
1,404,0,REVIEW,medium,2,2,1,251,0
1,347,0,REVIEW,other,1,1,0,-1,0
0,349,0,REJECT,other,2,2,1,222,0
1,510,0,REVIEW,other,9,6,4,-1,1
1,317,0,PASS,high,17,17,4,318,1
1,307,0,REVIEW,other,16,16,9,52,8
0,612,0,REJECT,medium,12,12,5,221,4
1,464,0,REJECT,other,7,7,2,94,2
1,549,0,REVIEW,other,4,4,1,117,0
0,691,0,REVIEW,other,3,3,1,-1,1
1,470,0,REVIEW,other,9,9,6,33,4
0,412,0,REVIEW,other,6,6,4,-1,1
0,462,0,REVIEW,other,8,8,1,-1,1
0,392,0,REVIEW,other,10,10,5,120,2
1,343,0,REVIEW,other,3,3,1,295,0
0,318,0,PASS,other,8,7,1,-1,1
1,307,0,REVIEW,other,12,15,5,15,5
1,344,0,PASS,other,12,13,5,21,4
0,463,0,REVIEW,other,14,14,7,189,4
0,337,0,PASS,high,9,8,3,140,1
1,394,1,REVIEW,medium,9,9,6,15,3
0,658,0,PASS,other,13,13,6,-1,5
1,325,0,REVIEW,other,3,3,1,-1,1
1,346,0,REVIEW,other,8,7,3,111,1
0,451,0,REVIEW,other,20,20,5,14,5
1,570,1,REVIEW,other,14,14,4,71,1
0,349,1,REVIEW,high,4,4,3,-1,0
0,626,0,REVIEW,other,24,24,9,20,5
0,421,0,REJECT,other,7,7,4,232,2
0,578,0,REVIEW,other,8,8,3,136,3
1,369,0,REJECT,other,3,3,3,229,0
0,615,0,REVIEW,other,7,7,3,66,0
0,501,0,PASS,other,3,3,1,149,1
0,594,0,REVIEW,none,0,0,0,-1,0
1,587,0,REVIEW,other,2,2,1,107,1
0,332,0,REVIEW,medium,22,23,9,182,8
0,415,0,PASS,other,13,14,8,16,5
0,397,0,REVIEW,other,6,6,3,140,1
1,302,0,REVIEW,high,11,6,3,318,1
0,527,0,REVIEW,other,2,2,1,-1,1
1,509,0,REVIEW,other,1,1,0,-1,0
1,338,0,REVIEW,other,7,6,1,68,0
1,349,1,REVIEW,other,8,8,5,-1,5
0,460,0,REVIEW,other,12,12,6,41,0
1,320,0,REVIEW,other,0,0,0,115,0
0,624,0,REJECT,other,9,9,4,18,4
1,501,0,REVIEW,high,3,3,1,268,0
0,658,0,REVIEW,other,1,1,1,-1,0
1,617,0,REVIEW,other,4,1,2,55,0
1,346,0,REVIEW,other,6,7,1,79,1
1,309,0,REVIEW,other,3,3,0,130,0
1,624,0,REJECT,medium,3,3,2,114,2
1,350,0,REVIEW,high,9,8,3,78,0
1,349,1,REVIEW,high,10,10,2,76,0
0,510,0,PASS,other,23,23,9,5,5
0,590,0,REVIEW,high,18,18,6,169,2
0,498,0,PASS,other,10,10,8,60,2
1,335,0,REVIEW,other,4,4,2,340,0
1,346,0,REJECT,other,2,2,2,258,0
0,647,0,PASS,other,43,43,14,13,14
1,372,0,REVIEW,high,2,2,2,148,0
0,646,0,PASS,medium,26,24,4,11,4
0,584,0,PASS,other,15,14,5,33,3
0,341,0,REVIEW,other,4,4,2,169,1
0,502,0,PASS,other,12,13,9,7,6
0,673,0,REVIEW,other,14,14,3,68,2
1,309,0,REVIEW,medium,13,10,5,38,4
0,578,0,PASS,other,42,42,10,13,8
0,345,0,REVIEW,other,4,4,2,-1,2
0,310,0,REVIEW,other,2,2,0,-1,0
0,345,0,REVIEW,other,14,14,8,38,3
0,366,0,REVIEW,other,7,7,0,76,0
0,612,0,REVIEW,other,9,2,2,-1,2
0,497,0,REVIEW,other,6,6,2,-1,2
0,663,0,REVIEW,other,29,25,7,14,7
0,330,0,PASS,other,14,14,4,15,2
1,495,0,PASS,other,4,3,3,169,1
0,541,0,REVIEW,other,9,6,1,34,1
0,652,0,PASS,other,12,12,8,-1,7
0,396,0,REJECT,medium,10,10,3,98,3
1,452,0,REVIEW,other,26,24,7,59,1
1,375,0,REVIEW,other,14,12,5,12,3
1,311,0,REVIEW,other,4,4,0,-1,0
0,479,0,PASS,other,20,20,10,14,3
1,585,0,REVIEW,other,3,3,0,146,0
1,430,1,REVIEW,none,1,1,0,-1,0
0,447,0,REVIEW,medium,7,7,1,67,1
0,330,0,REVIEW,other,17,17,7,16,4
1,564,0,REVIEW,other,2,2,0,-1,0
0,489,0,PASS,high,10,11,4,85,2
0,349,0,REVIEW,other,6,6,2,98,0
1,437,0,REVIEW,other,15,15,7,342,2
0,549,0,PASS,other,11,13,4,74,2
0,334,0,REVIEW,other,11,11,6,36,1
1,470,0,PASS,other,8,8,6,-1,4
1,311,1,REVIEW,other,9,7,2,76,0
0,440,0,REVIEW,other,8,8,2,176,1
1,659,0,REVIEW,other,8,8,3,62,0
0,529,0,PASS,other,13,13,6,19,1
0,388,0,REVIEW,other,19,20,8,9,5
1,604,0,REVIEW,other,1,1,1,194,0
0,429,1,REVIEW,other,35,35,10,8,6
0,347,0,REVIEW,other,11,11,4,208,3
1,522,1,PASS,high,14,14,3,201,3
0,310,0,REVIEW,other,5,5,0,90,0
0,309,0,PASS,other,10,10,6,32,2
1,320,0,REVIEW,other,5,4,1,78,0
0,568,0,PASS,other,17,17,9,6,6
0,431,0,PASS,medium,12,11,2,26,2
1,671,0,REVIEW,other,8,8,1,-1,0
1,397,0,REJECT,high,6,6,2,49,0
1,349,0,REVIEW,other,10,10,6,65,1
0,491,0,REVIEW,high,7,7,4,-1,1
0,343,0,REVIEW,other,16,17,9,-1,6
1,348,0,REJECT,high,0,0,0,-1,0
0,460,0,REVIEW,other,20,20,6,130,4
0,483,0,REVIEW,high,7,7,2,178,2
0,311,0,PASS,other,11,10,4,75,3
1,314,0,REVIEW,other,10,10,5,140,3
0,321,0,REVIEW,other,14,13,5,124,5
0,312,0,REVIEW,high,29,29,8,7,8
0,417,0,PASS,other,15,13,3,27,2
0,527,0,REVIEW,other,14,17,4,76,4
0,468,0,REVIEW,other,7,7,6,-1,0
1,542,0,REVIEW,other,17,17,10,59,3
0,347,0,REVIEW,other,20,19,6,7,4
0,565,0,REVIEW,other,11,11,4,8,4
1,421,0,REVIEW,other,8,7,5,-1,0
0,713,0,PASS,medium,18,14,4,10,3
0,616,1,REVIEW,other,9,10,5,110,4
1,338,1,REVIEW,other,8,8,5,40,0
0,421,0,REVIEW,other,3,3,1,40,0
1,503,1,REVIEW,other,1,1,0,-1,0
1,307,0,REVIEW,other,1,1,0,132,0
0,302,0,REVIEW,other,3,5,1,-1,0
1,509,0,REVIEW,other,5,5,1,74,0
1,341,0,REVIEW,medium,2,2,2,165,1
0,571,0,REVIEW,other,11,11,3,270,1
0,375,0,REVIEW,other,10,10,3,-1,3
0,604,1,REVIEW,other,13,12,6,33,1
0,510,0,REVIEW,other,16,16,8,31,5
0,445,0,PASS,other,20,20,5,33,4
1,445,0,REJECT,high,1,1,1,216,0
0,316,0,PASS,other,17,17,8,321,3
1,343,0,PASS,other,9,9,1,77,0
0,584,0,REVIEW,other,22,25,11,10,5
0,309,0,REVIEW,other,13,13,5,44,1
0,409,0,REVIEW,other,11,11,6,-1,2
1,326,0,REVIEW,other,5,5,1,123,1
1,434,0,REJECT,other,2,2,2,142,0
0,569,0,REVIEW,other,4,4,1,276,1
0,694,0,REVIEW,other,11,11,3,-1,3
1,618,0,REVIEW,other,7,7,0,-1,0
0,498,0,REVIEW,other,14,14,4,9,2
0,325,0,REVIEW,medium,12,11,4,-1,1
0,472,0,REVIEW,other,11,11,6,263,3
0,574,0,REVIEW,other,19,19,7,88,7
0,496,0,REJECT,high,9,9,6,25,5
0,568,0,REVIEW,high,24,26,8,4,7
0,611,0,PASS,medium,23,22,6,5,5
1,333,1,REVIEW,other,7,7,4,108,1
0,339,0,REVIEW,other,2,2,1,149,1
0,320,0,PASS,other,11,10,4,8,2
0,338,0,REVIEW,medium,7,7,2,-1,0
1,614,0,REJECT,high,1,1,1,259,0
0,710,0,REVIEW,other,7,0,5,-1,2
0,425,0,REVIEW,other,7,7,3,25,3
0,572,0,PASS,other,13,13,6,359,5
1,335,0,REVIEW,other,4,4,1,319,0
1,301,0,REVIEW,other,4,4,3,-1,3
0,637,0,REVIEW,other,7,7,7,33,5
1,341,0,REVIEW,medium,11,12,4,184,3
0,410,0,PASS,other,18,17,3,67,0
0,502,0,PASS,other,9,9,5,42,0
1,315,1,REVIEW,medium,19,19,8,70,2
0,702,0,REVIEW,other,3,3,2,273,1
0,329,0,REJECT,medium,21,17,5,-1,2
1,399,0,REVIEW,other,7,6,3,44,1
1,397,0,REVIEW,high,14,14,8,122,3
0,807,0,REVIEW,other,6,7,3,83,2
0,651,0,REVIEW,medium,24,24,11,12,7
0,572,0,REVIEW,medium,12,12,5,-1,2
0,341,0,REVIEW,other,4,4,2,-1,1
0,770,0,REVIEW,medium,18,21,9,305,3
0,349,0,PASS,other,14,14,6,-1,2
1,316,1,REVIEW,other,10,10,4,58,1
1,332,0,REVIEW,other,12,12,8,-1,3
0,411,0,REVIEW,other,6,7,4,-1,0
0,618,0,REVIEW,other,2,1,0,-1,0
0,475,0,REJECT,other,5,6,2,-1,1
1,392,0,REVIEW,other,5,5,2,215,1
0,495,0,REVIEW,other,28,28,8,17,8
1,463,0,REVIEW,other,21,21,8,110,7
1,345,0,REVIEW,other,4,4,1,179,1
0,413,0,PASS,other,13,13,7,23,5
0,381,0,REVIEW,medium,11,11,3,-1,2
1,503,0,REVIEW,other,6,6,3,-1,0
1,332,0,REVIEW,other,5,5,3,188,3
1,341,1,REVIEW,other,7,7,3,204,1
1,329,1,REVIEW,other,5,5,3,113,0
0,348,0,REVIEW,other,21,21,10,-1,7
0,462,0,REVIEW,medium,12,12,6,105,2
0,468,0,PASS,other,14,14,7,139,7
1,720,0,REVIEW,other,0,0,0,169,0
1,340,1,REVIEW,other,6,6,4,271,3
0,365,0,REVIEW,other,13,13,5,133,2
1,392,0,REVIEW,other,3,3,0,188,0
0,731,0,REVIEW,other,22,21,7,33,4
0,485,0,PASS,other,5,5,2,-1,1
0,666,0,REVIEW,other,20,18,8,57,5
1,460,0,REVIEW,other,3,3,1,104,1
1,383,0,REVIEW,other,10,10,6,181,3
0,395,0,REVIEW,other,9,10,5,25,2
1,433,0,REVIEW,other,1,1,0,-1,0
0,675,0,PASS,medium,14,14,5,28,1
0,488,0,REVIEW,other,18,19,9,12,8
0,778,0,REVIEW,other,2,2,1,-1,0
0,514,0,PASS,other,7,7,3,-1,3
1,742,0,REVIEW,other,9,8,4,92,2
1,393,0,REVIEW,other,10,10,2,5,1
1,404,0,REVIEW,other,8,6,3,110,0
0,591,0,PASS,other,11,10,4,34,3
0,539,0,PASS,other,12,13,6,21,3
0,346,0,REVIEW,other,10,10,5,195,4
1,310,1,REVIEW,other,3,3,2,-1,1
0,354,0,REVIEW,other,14,14,10,26,5
0,429,0,PASS,other,13,13,5,137,3
1,557,0,REVIEW,other,14,14,5,247,4
1,363,0,REVIEW,other,6,6,4,38,2
0,318,0,REVIEW,other,14,17,6,4,5
1,387,0,REJECT,other,3,3,3,235,3
0,543,0,REVIEW,other,13,12,5,-1,2
1,458,0,REVIEW,other,16,17,9,-1,6
1,303,0,REVIEW,high,12,13,5,345,3
0,574,0,REVIEW,other,17,17,7,10,6
0,584,0,PASS,medium,19,19,5,214,4
0,454,0,REVIEW,other,7,7,3,80,3
0,451,0,REVIEW,other,9,9,5,8,5
1,689,0,PASS,other,1,1,1,324,0
0,316,0,REVIEW,other,5,4,2,94,2
0,314,0,PASS,other,16,17,9,9,7
0,651,0,REVIEW,other,11,11,6,35,2
0,344,0,REVIEW,other,8,8,4,86,4
0,348,0,PASS,other,1,0,1,-1,1
1,483,0,REVIEW,other,1,1,0,-1,0
0,746,0,REVIEW,none,5,5,2,-1,1
0,585,0,REVIEW,other,11,11,5,-1,4
1,371,0,REVIEW,other,5,5,0,-1,0
1,309,0,REVIEW,other,6,6,3,195,1
0,619,0,PASS,other,21,22,10,5,8
1,345,0,REVIEW,high,10,10,7,341,1
0,358,0,PASS,other,16,14,6,17,5
1,306,1,REVIEW,medium,5,6,3,341,1
1,348,0,REVIEW,other,10,9,3,73,1
1,409,0,REVIEW,high,7,7,3,250,2
0,405,0,REVIEW,other,11,11,8,38,3
1,344,0,REVIEW,other,5,5,1,76,0
1,394,0,REVIEW,other,13,13,4,59,0
1,313,1,REVIEW,high,4,4,1,131,0
1,410,0,REVIEW,medium,7,5,4,-1,1
0,343,0,REVIEW,other,11,12,6,50,5
1,349,0,REVIEW,other,1,2,1,-1,0
0,408,0,REVIEW,high,1,1,0,-1,0
1,321,0,REVIEW,other,1,1,0,-1,0
0,543,0,PASS,other,19,17,7,9,5
1,348,1,REVIEW,medium,1,1,0,184,0
0,578,0,REVIEW,other,5,5,2,-1,1
0,349,0,REVIEW,other,10,11,4,98,2
0,573,0,REVIEW,other,13,14,8,8,7
1,347,0,REVIEW,other,7,9,5,101,2
1,523,0,PASS,other,8,8,2,-1,1
1,342,1,REJECT,high,6,4,5,337,5
1,586,0,REVIEW,other,10,10,2,83,1
0,508,0,REVIEW,high,6,6,4,-1,2
0,497,0,REVIEW,other,20,20,8,7,6
0,331,0,PASS,other,7,7,4,58,1
0,531,0,PASS,other,21,20,5,16,5
0,530,0,REVIEW,other,9,9,2,-1,2
1,312,0,REVIEW,other,6,5,1,65,0
0,337,0,REVIEW,other,1,1,1,-1,0
0,450,0,REVIEW,other,13,14,4,3,4
1,328,1,REVIEW,other,3,3,0,139,0
1,352,0,REVIEW,other,8,7,3,-1,0
0,669,0,REVIEW,other,16,16,8,-1,7
1,307,1,REVIEW,other,7,7,2,90,1
1,565,0,REVIEW,other,7,7,2,-1,1
1,334,0,PASS,other,8,8,4,199,4
1,391,1,REJECT,other,0,0,0,231,0
1,347,0,REVIEW,other,7,7,2,24,1
0,534,0,REVIEW,other,16,15,7,275,5
0,532,0,PASS,other,21,21,8,6,5
0,556,0,REJECT,other,18,20,8,25,6
0,452,0,PASS,other,22,22,9,21,7
0,330,0,REVIEW,other,17,17,9,34,2
1,323,1,REVIEW,high,7,7,3,190,2
1,327,0,PASS,other,11,11,6,-1,0
0,786,0,REVIEW,other,8,8,4,86,2
0,497,0,PASS,other,7,6,4,200,2
0,324,0,REVIEW,other,7,7,2,87,1
1,309,0,REVIEW,other,6,5,2,99,2
1,347,0,REVIEW,other,8,6,4,-1,1
0,314,0,PASS,other,5,4,3,22,2
1,311,1,REVIEW,other,4,4,1,272,0
1,303,1,REVIEW,other,5,5,1,113,0
0,530,0,REVIEW,other,15,15,8,31,2
0,561,0,REVIEW,other,10,11,5,85,3
0,544,0,PASS,other,14,14,12,26,7
1,422,0,REVIEW,other,7,7,2,-1,0
1,319,1,REVIEW,high,4,4,1,351,0
0,341,0,REVIEW,other,6,6,3,-1,0
0,658,0,REVIEW,other,13,12,5,56,1
0,616,0,PASS,medium,16,16,7,23,5
1,356,1,REVIEW,medium,1,0,1,-1,0
1,398,0,REVIEW,high,5,5,2,211,0
0,452,0,PASS,other,7,7,3,287,2
0,563,0,REVIEW,other,16,16,7,7,5
0,587,0,REVIEW,other,6,6,3,-1,1
0,747,0,PASS,medium,18,18,8,-1,3
0,345,0,REVIEW,other,10,10,4,107,3
0,329,0,PASS,other,13,14,4,106,2
0,478,0,REVIEW,other,14,14,5,89,2
0,614,0,REVIEW,other,7,8,4,-1,3
0,599,0,PASS,other,32,30,15,8,10
1,451,0,REJECT,other,4,3,1,98,0
1,375,1,REVIEW,other,3,3,0,267,0
0,667,0,REVIEW,other,7,6,2,-1,2
0,337,0,REVIEW,other,9,9,4,180,2
0,529,0,REJECT,high,10,8,4,114,3
1,393,0,REVIEW,other,6,6,2,196,0
1,335,0,REVIEW,other,5,4,4,27,2
0,343,0,PASS,other,11,11,6,11,5
0,617,0,REVIEW,other,13,11,5,354,3
0,512,0,REVIEW,other,9,8,5,12,4
0,633,0,REVIEW,other,6,7,3,3,2
1,647,0,REVIEW,other,1,1,0,-1,0
1,318,0,REVIEW,other,3,3,2,125,0
1,610,0,REVIEW,medium,8,8,4,110,1
0,515,0,REVIEW,high,5,5,5,-1,5
0,424,0,REVIEW,other,5,4,1,-1,1
0,409,0,REVIEW,other,9,9,6,36,1
0,454,0,PASS,other,11,11,7,42,0
1,349,0,REVIEW,other,21,22,6,3,6
0,453,0,REVIEW,other,20,20,8,10,8
0,473,0,REVIEW,other,8,8,2,301,1
0,312,0,REVIEW,other,11,11,5,-1,3
0,546,0,REVIEW,other,15,14,8,24,7
1,302,0,REVIEW,other,16,15,2,90,1
1,349,0,REVIEW,other,6,6,4,109,0
0,436,0,REVIEW,other,5,5,2,-1,1
1,332,0,REVIEW,other,16,16,2,65,0
0,357,0,REVIEW,medium,17,17,7,165,4
1,382,0,REVIEW,medium,0,0,0,191,0
1,347,0,REVIEW,other,13,13,5,70,0
0,343,0,REVIEW,medium,12,12,4,109,3
0,488,0,REVIEW,other,14,14,6,25,3
0,347,0,REVIEW,other,11,11,4,-1,1
0,478,0,REVIEW,other,10,9,5,93,4
1,336,0,REVIEW,other,4,4,3,135,0
1,304,0,PASS,other,12,12,4,86,4
0,422,0,REVIEW,other,12,14,6,51,3
1,358,0,REVIEW,high,4,4,1,187,0
0,442,0,REVIEW,other,11,11,3,-1,2
0,665,0,REVIEW,other,13,14,6,14,5
1,462,0,PASS,other,8,8,3,80,0
0,353,0,PASS,other,29,29,12,7,7
0,427,0,REVIEW,other,11,13,6,268,2
1,335,0,REVIEW,other,4,4,2,249,1
1,307,0,REVIEW,other,25,12,11,15,8
0,332,0,REVIEW,other,8,8,2,281,1
0,483,0,PASS,other,5,5,3,87,2
0,541,0,REVIEW,other,6,6,3,10,1
0,320,0,REVIEW,medium,20,20,8,109,6
0,637,0,PASS,other,28,29,9,13,8
0,608,0,REVIEW,other,13,13,6,-1,2
1,477,0,REJECT,high,5,5,3,233,1
0,407,0,REVIEW,other,14,14,4,76,0
1,346,0,REVIEW,other,5,5,0,353,0
0,421,0,REVIEW,other,16,16,7,13,5
1,330,0,REVIEW,medium,7,7,3,199,2
1,307,0,REVIEW,high,14,14,6,230,2
1,515,0,REVIEW,other,3,3,0,100,0
0,466,0,REVIEW,other,1,1,0,-1,0
1,345,1,REVIEW,other,3,3,2,167,0
1,612,0,REVIEW,high,3,3,0,71,0
0,362,0,PASS,other,11,10,6,10,3
0,498,0,REVIEW,other,1,1,0,165,0
0,391,0,PASS,other,10,10,4,11,1
0,349,0,REVIEW,other,23,23,8,180,7
0,383,0,REVIEW,other,8,8,6,28,3
1,306,0,REJECT,other,13,13,3,187,2
0,345,0,PASS,medium,5,5,1,145,1
0,322,0,PASS,other,18,18,7,88,2
0,337,0,REVIEW,medium,12,11,4,358,2
0,313,0,PASS,other,26,25,11,13,11
0,319,1,REVIEW,other,2,2,0,82,0
1,321,0,REVIEW,high,1,1,1,197,0
0,343,0,REVIEW,other,19,20,10,30,8
1,513,0,REVIEW,other,13,13,6,100,4
1,722,0,REVIEW,other,7,7,3,64,0
0,348,0,REVIEW,other,8,7,4,127,2
1,307,1,PASS,other,16,16,6,142,4
1,356,0,REJECT,other,7,7,2,-1,0
1,358,0,REVIEW,other,20,20,8,98,5
0,372,0,REVIEW,other,20,20,6,8,5
1,345,0,REVIEW,other,9,9,3,73,2
1,301,0,REVIEW,other,12,13,5,240,2
0,604,0,REVIEW,other,11,10,2,-1,1
0,346,0,REVIEW,other,9,10,6,-1,3
0,571,0,REVIEW,other,27,27,12,49,2
0,346,0,PASS,other,14,14,4,6,4
1,312,1,REVIEW,other,2,2,0,-1,0
1,457,0,REVIEW,other,0,0,0,186,0
1,415,0,REVIEW,other,7,6,1,105,0
1,313,1,REVIEW,medium,1,1,0,213,0
1,303,0,PASS,medium,17,17,10,18,5
0,305,0,REVIEW,other,8,7,6,54,1
0,667,0,PASS,other,11,12,6,-1,3
0,619,0,REVIEW,other,14,17,7,225,4
0,343,0,REVIEW,other,6,6,1,91,1
0,428,0,PASS,other,20,20,5,36,2
0,453,0,REVIEW,other,4,4,2,-1,2
1,391,0,REVIEW,other,0,0,0,-1,0
1,312,0,REVIEW,other,6,6,5,61,0
0,338,0,REVIEW,other,15,15,7,42,4
1,441,0,REVIEW,other,8,8,7,25,3
1,316,0,REJECT,medium,9,9,4,190,1
0,332,0,REVIEW,medium,9,9,4,17,2
1,441,0,REVIEW,other,5,5,0,85,0
0,316,0,PASS,other,19,20,5,5,4
0,405,0,REVIEW,other,8,8,5,111,0
1,534,0,REVIEW,other,4,4,2,208,1
0,678,0,REVIEW,other,11,11,6,44,0
1,348,0,REVIEW,other,9,9,1,90,0
0,503,0,REVIEW,other,13,14,5,-1,2
0,482,0,REVIEW,other,16,15,6,31,6
0,617,0,REVIEW,other,8,8,3,13,2
1,472,0,REVIEW,other,4,4,4,184,4
0,457,0,PASS,other,26,26,10,5,7
1,346,0,REVIEW,other,7,7,4,62,0
0,742,0,PASS,other,7,8,2,207,2
1,429,0,REVIEW,other,12,12,6,79,4
0,698,0,REVIEW,other,10,10,6,-1,3
0,438,0,REVIEW,other,8,1,3,184,2
1,315,1,REVIEW,other,3,2,0,105,0
0,689,0,PASS,medium,24,23,6,12,5
1,502,0,REVIEW,high,8,8,1,-1,1
1,348,0,REJECT,high,9,9,2,255,2
0,309,0,PASS,other,9,9,3,148,3
0,570,0,PASS,other,14,12,9,7,5
0,495,0,PASS,other,25,28,10,5,8
0,606,0,REVIEW,other,10,10,5,2,3
0,339,0,REVIEW,other,19,19,9,4,5
0,344,0,REVIEW,other,5,6,1,72,0
1,601,0,REVIEW,other,4,4,1,202,0
0,517,0,PASS,other,13,14,2,81,0
0,378,0,REVIEW,other,4,4,0,-1,0
0,454,0,REVIEW,other,4,5,1,171,1
0,677,0,REVIEW,other,13,11,5,-1,5
0,420,0,REVIEW,other,15,14,4,-1,4
1,305,0,REVIEW,medium,3,1,2,-1,1
0,397,0,REVIEW,medium,19,5,8,-1,6
1,528,0,REVIEW,other,3,3,1,82,0
0,599,0,REVIEW,other,11,11,5,9,5
0,571,0,PASS,other,16,17,6,92,5
0,644,0,REVIEW,other,17,17,6,7,4
0,311,0,REVIEW,other,13,13,7,208,6
1,719,0,REVIEW,other,3,2,1,-1,0
0,679,0,PASS,medium,17,17,6,276,5
0,726,0,REVIEW,other,2,1,1,-1,0
0,306,0,REVIEW,other,12,13,6,37,2
0,642,0,PASS,medium,17,17,6,12,5
0,424,0,REJECT,medium,32,31,8,13,6
0,313,1,REVIEW,other,4,4,3,58,1
0,800,0,REVIEW,other,2,2,0,72,0
1,458,0,REVIEW,other,2,2,2,153,0
1,345,0,REJECT,high,18,19,5,307,5
1,407,0,PASS,other,11,11,7,-1,0
0,317,0,PASS,other,5,4,2,138,2
0,438,0,PASS,other,4,4,2,-1,0
0,750,0,REVIEW,other,21,21,8,24,7
0,365,0,REVIEW,other,7,7,3,138,3
0,582,0,REVIEW,medium,8,8,5,302,0
0,334,0,REVIEW,other,6,6,4,217,4
1,515,0,REVIEW,medium,10,10,7,22,4
0,436,0,REVIEW,medium,7,7,3,35,0
0,428,0,REVIEW,other,18,18,8,9,6
0,567,0,PASS,other,21,13,6,61,2
0,392,0,REVIEW,other,20,19,5,15,3
0,753,0,PASS,other,8,7,4,275,1
1,778,0,REVIEW,other,2,2,0,100,0
1,338,0,PASS,other,9,9,3,85,0
0,310,0,REJECT,high,40,38,11,285,11
0,365,0,REVIEW,other,12,10,3,-1,3
1,445,0,REVIEW,none,2,2,1,-1,0
0,513,0,PASS,medium,10,11,5,72,4
1,318,0,REVIEW,medium,3,3,1,-1,1
0,424,0,REVIEW,other,5,4,2,238,1
0,611,0,REVIEW,other,7,7,3,193,1
0,615,0,REVIEW,medium,8,8,4,-1,3
1,329,0,REVIEW,high,21,17,5,84,4
0,342,0,REVIEW,medium,7,6,5,184,5
1,398,0,REVIEW,high,13,13,7,273,3
0,458,0,PASS,other,13,13,7,35,3
0,524,0,REVIEW,other,15,14,6,156,4
0,398,0,REVIEW,other,8,8,5,-1,3
1,316,0,REVIEW,other,7,7,2,22,1
0,337,0,PASS,other,24,24,9,14,8
0,511,0,REVIEW,other,13,13,7,107,3
1,393,0,REVIEW,medium,10,10,1,51,0
0,320,0,REVIEW,high,7,7,3,114,1
0,611,0,REVIEW,medium,18,16,8,9,6
1,311,0,REVIEW,other,3,1,0,121,0
0,515,0,REJECT,other,0,0,0,-1,0
1,550,0,REVIEW,other,15,15,6,57,0
1,345,0,REVIEW,medium,8,8,3,82,2
0,565,0,REVIEW,other,10,10,2,72,1
0,346,0,PASS,medium,5,5,4,341,1
0,301,0,REVIEW,other,24,28,11,4,8
0,523,0,REVIEW,other,7,7,2,76,0
0,343,0,REVIEW,high,17,17,3,84,3
0,674,0,PASS,other,20,22,10,4,6
0,375,0,REVIEW,medium,10,12,3,194,2
0,396,0,REVIEW,other,2,2,1,-1,0
0,648,0,PASS,other,15,14,7,27,3
1,425,0,REVIEW,other,6,6,3,72,0
1,453,1,REJECT,medium,8,8,1,77,0
0,314,0,PASS,other,19,19,7,41,1
1,481,0,REJECT,medium,10,9,3,97,1
1,345,0,REJECT,high,9,9,2,-1,1
1,309,0,REVIEW,other,5,5,0,311,0
1,454,0,REVIEW,medium,1,1,0,-1,0
0,589,0,REVIEW,other,14,15,3,7,2
1,334,1,REVIEW,high,0,0,0,267,0
1,317,1,REVIEW,high,12,13,2,190,2
1,312,1,REJECT,medium,11,11,4,195,2
1,304,0,REVIEW,medium,15,18,5,13,4
0,682,0,REVIEW,other,1,1,0,189,0
1,308,0,REVIEW,other,20,20,5,102,4
0,448,0,REVIEW,other,10,10,4,167,4
1,525,0,REVIEW,other,10,6,4,78,3
0,636,0,REVIEW,other,7,7,2,-1,1
1,330,1,REVIEW,other,6,7,3,2,2
0,312,0,REVIEW,other,5,5,2,-1,2
0,656,0,REVIEW,other,10,10,6,202,4
0,338,0,REVIEW,other,16,15,7,261,3
1,332,1,REVIEW,other,2,2,1,343,1
1,348,0,REVIEW,other,8,8,1,114,0
1,315,0,REVIEW,other,5,5,0,-1,0
0,533,0,PASS,medium,7,7,4,-1,2
0,539,0,PASS,high,7,6,4,32,2
0,672,0,PASS,medium,17,17,7,26,4
0,716,0,REVIEW,other,16,16,6,11,4
0,328,0,PASS,other,10,10,5,64,1
0,630,0,REVIEW,other,9,8,4,67,2
0,332,0,REJECT,high,26,26,11,9,7
0,784,0,REVIEW,other,3,3,1,187,1
0,532,0,REVIEW,other,11,11,5,104,5
0,521,0,REVIEW,other,14,13,5,3,2
0,623,0,REVIEW,other,7,7,4,-1,2
1,345,0,REVIEW,other,1,1,0,-1,0
1,364,1,PASS,other,5,5,1,216,0
0,400,0,REVIEW,other,12,11,6,30,4
0,522,0,PASS,other,6,6,2,180,2
1,309,0,REVIEW,other,4,5,2,252,2
0,713,0,REVIEW,high,10,11,5,86,4
0,337,0,REVIEW,medium,14,12,8,64,0
1,323,0,REVIEW,other,5,4,3,-1,2
0,338,0,REVIEW,other,8,8,2,-1,0
0,425,0,PASS,other,16,14,5,6,4
1,306,0,REVIEW,high,7,7,2,111,2
0,318,0,REVIEW,other,11,9,6,9,3
0,464,0,REVIEW,high,24,24,7,3,5
0,432,0,REVIEW,other,17,17,10,20,7
1,349,0,REVIEW,other,7,7,1,358,0
0,403,0,REVIEW,other,8,9,3,333,3
1,505,0,REVIEW,other,11,10,5,78,0
0,417,0,REVIEW,other,28,28,8,8,5
1,346,0,REVIEW,other,22,22,2,60,1
0,511,0,REVIEW,other,12,12,8,65,3
0,569,0,REVIEW,other,22,22,11,40,6
0,535,0,REVIEW,other,4,4,2,264,2
1,504,0,REVIEW,other,15,15,5,117,0
1,322,0,REVIEW,medium,14,12,8,62,4
0,681,0,REJECT,medium,4,5,4,128,4
0,540,0,REVIEW,other,26,26,7,9,6
0,504,0,PASS,other,10,11,6,129,5
0,343,0,PASS,other,7,7,3,-1,3
1,522,0,REVIEW,medium,5,5,2,152,0
1,380,0,REVIEW,other,1,1,0,-1,0
0,503,0,REVIEW,medium,13,9,6,28,5
0,354,0,REVIEW,medium,8,8,4,127,3
0,484,0,REJECT,other,11,13,5,81,5
0,551,0,REVIEW,other,5,5,1,-1,0
0,341,1,REVIEW,other,16,16,8,27,6
1,303,0,REJECT,high,5,5,2,352,2
0,357,0,PASS,other,16,18,7,177,5
1,310,0,REVIEW,high,11,10,5,259,4
0,371,0,REJECT,other,18,19,10,31,8
0,612,0,REVIEW,other,15,16,8,270,5
1,337,0,REVIEW,other,22,22,7,22,5
1,339,1,REVIEW,other,2,2,1,281,1
1,737,0,REVIEW,medium,7,7,3,129,2
1,332,0,REVIEW,other,2,2,0,-1,0
0,821,0,REJECT,none,2,2,1,164,0
1,446,0,REVIEW,other,4,4,0,84,0
0,320,0,REVIEW,other,9,11,4,10,3
0,630,0,REVIEW,other,15,15,8,5,6
0,411,0,REVIEW,other,17,17,9,6,3
0,384,0,REVIEW,other,8,8,6,80,5
0,345,0,PASS,medium,20,21,7,19,4
0,383,0,PASS,other,8,9,4,325,2
0,320,0,PASS,other,20,22,9,3,6
0,563,0,REVIEW,other,17,15,4,9,4
0,557,0,REJECT,high,27,26,6,13,5
0,583,0,PASS,other,33,33,14,12,7
0,467,0,REVIEW,other,16,16,10,64,5
0,348,1,REJECT,other,17,17,8,215,6
1,553,0,REVIEW,other,11,12,3,-1,0
0,536,0,REVIEW,other,17,17,7,10,6
1,325,0,REJECT,medium,14,14,6,283,4
0,482,0,REVIEW,other,7,7,2,-1,1
0,672,0,PASS,medium,17,18,6,145,2
0,666,0,REVIEW,other,18,21,11,-1,9
0,588,0,REVIEW,other,7,7,3,301,2
0,528,0,PASS,other,7,6,2,99,1
1,691,0,REVIEW,other,4,3,0,130,0
0,616,0,REVIEW,other,16,14,9,112,4
1,586,0,REVIEW,other,18,18,7,54,2
1,341,0,REVIEW,other,4,9,2,128,1
0,473,0,PASS,other,14,14,6,181,5
0,325,0,REVIEW,high,4,4,2,-1,0
0,303,0,PASS,other,19,19,8,24,6
0,560,0,REVIEW,other,6,6,2,80,1
0,404,0,PASS,medium,5,5,2,201,1
0,700,0,REVIEW,other,11,11,5,-1,3
1,420,0,REVIEW,other,10,10,7,-1,3
1,446,0,REVIEW,other,12,12,6,33,2
1,317,0,REVIEW,other,5,5,1,-1,1
1,326,1,REJECT,other,6,6,2,142,0
1,320,0,REVIEW,other,10,10,5,223,2
1,326,0,REVIEW,other,2,1,2,226,1
1,379,0,PASS,other,15,14,4,36,0
0,368,0,REVIEW,other,12,11,8,85,0
0,314,0,REVIEW,other,5,5,3,-1,0
1,341,0,REVIEW,high,2,2,0,345,0
1,404,0,REVIEW,other,7,7,4,246,4
1,335,0,REVIEW,other,10,10,4,132,3
0,487,0,PASS,other,17,17,6,27,4
0,334,0,REVIEW,other,22,25,9,8,6
0,594,0,REVIEW,other,7,7,5,-1,4
1,332,0,REVIEW,medium,11,10,3,144,0
0,793,0,REVIEW,other,2,2,2,-1,0
1,327,0,REVIEW,other,9,9,6,20,5
0,347,0,REJECT,medium,17,8,9,12,7
0,637,0,REVIEW,high,10,10,4,196,3
0,476,0,REVIEW,other,24,26,9,3,6
0,375,0,REVIEW,other,10,10,6,5,4
1,354,0,REVIEW,other,3,3,0,-1,0
0,342,0,REVIEW,other,12,12,5,75,4
0,670,0,REVIEW,other,16,16,7,109,5
1,641,0,REVIEW,other,5,5,3,59,2
1,414,0,PASS,other,12,11,5,79,1
0,342,0,REVIEW,other,18,17,4,66,1
0,559,0,REVIEW,other,12,12,4,14,3
1,397,1,REJECT,medium,6,7,2,128,1
0,470,0,REVIEW,other,23,23,12,7,9
0,548,0,REVIEW,other,11,13,6,21,4
0,444,0,PASS,other,21,23,8,15,7
0,527,0,PASS,other,14,15,10,103,2
0,370,0,REVIEW,high,31,31,7,205,4
1,367,0,REVIEW,other,6,4,0,152,0
0,323,0,REVIEW,other,7,7,5,-1,2
0,429,0,PASS,other,10,9,4,14,4
1,336,1,REVIEW,other,8,8,3,215,3
0,477,0,PASS,other,6,6,2,-1,0
0,331,0,REVIEW,other,0,0,0,-1,0
1,658,0,REVIEW,medium,9,9,2,80,2
0,596,0,PASS,other,13,13,4,-1,4
0,582,0,REVIEW,other,4,4,2,209,2
0,327,0,PASS,other,16,16,7,26,2
0,445,0,REVIEW,medium,23,23,7,115,4
0,605,0,REVIEW,other,26,28,9,5,7
0,362,0,REVIEW,other,7,7,1,-1,1
0,462,0,REVIEW,other,1,1,0,143,0
0,517,0,REVIEW,other,6,6,3,-1,2
1,332,0,REVIEW,other,12,12,5,-1,4
0,703,0,PASS,other,21,21,6,6,4
1,523,0,REVIEW,other,10,9,6,61,4
0,340,0,REVIEW,other,13,15,6,59,2
0,413,0,REVIEW,other,15,15,5,10,4
1,324,1,PASS,other,5,5,5,100,0
1,381,0,REVIEW,other,4,4,0,82,0
0,576,0,PASS,other,9,9,6,7,4
1,494,0,REJECT,other,0,0,0,108,0
0,476,0,REVIEW,other,25,25,10,47,2
0,344,0,PASS,other,8,8,3,126,0
0,363,0,PASS,other,4,4,1,-1,1
0,368,0,PASS,other,24,24,8,-1,8
1,323,0,REVIEW,other,8,8,6,222,2
1,659,0,REVIEW,other,11,11,3,16,1
0,348,0,REVIEW,other,3,2,1,-1,0
1,403,0,REVIEW,other,4,3,0,-1,0
0,622,0,REVIEW,other,26,27,9,1,8
1,328,0,REVIEW,other,6,6,6,264,0
1,307,0,PASS,other,6,6,2,133,0
0,557,0,PASS,other,15,15,5,8,4
1,406,0,REVIEW,other,13,13,5,56,2
0,363,0,REVIEW,other,12,12,6,10,3
0,428,0,REVIEW,other,19,20,5,19,2
0,308,0,REVIEW,other,9,7,5,177,5
1,549,0,REVIEW,other,8,8,4,-1,0
0,309,0,REVIEW,other,1,1,0,-1,0
0,685,0,REVIEW,other,15,15,9,3,5
0,381,0,REVIEW,other,13,11,5,-1,2
0,400,0,REVIEW,other,0,0,0,-1,0
0,317,0,PASS,other,6,6,3,184,2
0,636,0,REVIEW,other,17,21,8,176,5
0,338,0,REVIEW,other,8,8,5,-1,3
0,514,0,REJECT,other,6,6,5,270,3
0,740,0,REVIEW,other,12,12,3,27,3
0,478,0,REVIEW,other,5,5,2,352,1
0,404,0,REVIEW,other,12,14,4,82,3
0,348,0,REVIEW,other,13,13,6,184,6
1,320,1,PASS,other,1,1,1,97,0
0,597,0,REVIEW,other,29,29,12,7,9
1,355,1,REVIEW,other,6,6,3,204,2
0,346,0,REVIEW,other,16,16,6,146,4
1,347,0,REVIEW,other,2,2,1,126,0
1,343,0,REVIEW,other,5,5,2,61,0
0,711,0,REVIEW,medium,10,6,5,4,5
1,311,0,REVIEW,other,19,17,11,21,2
1,346,0,REVIEW,other,6,6,2,58,0
0,658,0,REJECT,other,22,21,6,22,5
0,421,0,REVIEW,medium,5,5,2,133,1
0,319,0,REVIEW,other,2,2,1,341,1
0,518,0,PASS,other,18,18,7,52,1
1,323,0,REVIEW,other,4,4,4,-1,0
1,496,1,REVIEW,other,3,2,2,-1,0
0,307,0,REVIEW,medium,20,20,5,231,3
1,347,0,REVIEW,other,4,4,3,68,0
0,306,0,REVIEW,other,8,8,3,81,3
0,479,0,REVIEW,other,8,8,6,41,0
0,324,0,REVIEW,other,29,29,11,9,9
0,518,0,REVIEW,none,0,0,0,-1,0
1,308,0,REVIEW,other,3,3,2,-1,1
1,441,0,REJECT,other,8,8,2,172,0
0,400,0,REVIEW,other,10,10,3,77,1
1,488,0,PASS,other,7,7,3,351,0
1,417,0,REVIEW,other,1,1,0,221,0
0,352,0,REVIEW,other,14,14,4,7,2
0,507,0,REVIEW,other,17,17,8,110,3
0,420,0,REVIEW,other,16,16,6,-1,6
0,698,0,PASS,other,31,33,8,5,6
0,624,0,PASS,other,13,13,6,22,2
1,349,0,REVIEW,other,3,3,1,121,0
0,377,0,REVIEW,other,7,7,7,-1,4
0,313,0,REVIEW,other,12,12,6,28,4
0,526,0,PASS,other,14,14,1,84,0
0,317,0,REVIEW,other,25,27,9,2,7
0,458,0,PASS,other,18,13,9,83,7
0,455,0,REVIEW,other,24,24,10,22,4
0,344,0,REVIEW,other,16,16,9,39,0
0,349,0,REVIEW,other,5,5,2,-1,1
0,318,0,REVIEW,other,4,4,1,305,1
0,509,0,PASS,other,14,15,6,17,4
0,356,0,REVIEW,other,10,10,3,25,3
0,640,0,REVIEW,none,0,0,0,-1,0
0,318,0,REJECT,medium,10,10,3,354,2
0,521,0,REVIEW,medium,15,13,8,97,4
1,347,0,PASS,high,18,17,4,264,2
0,463,0,REVIEW,other,9,8,5,-1,1
1,462,0,REVIEW,other,5,3,3,351,0
0,563,0,PASS,other,12,11,3,12,2
0,314,0,REVIEW,other,3,3,0,153,0
1,654,0,REVIEW,medium,0,0,0,-1,0
0,634,0,PASS,medium,12,12,7,-1,4
0,419,0,REVIEW,medium,13,13,8,243,5
0,405,0,REVIEW,other,18,18,5,78,3
0,486,0,REVIEW,other,5,5,1,-1,1
0,452,0,REVIEW,other,16,16,8,105,7
0,705,0,PASS,other,13,13,4,-1,4
0,680,0,PASS,other,19,19,8,14,8
0,747,0,REVIEW,other,12,11,5,11,3
0,351,0,PASS,medium,13,12,6,266,5
0,494,0,REVIEW,other,12,14,4,-1,3
0,539,0,REJECT,other,10,4,5,27,4
0,320,0,PASS,other,18,18,11,-1,6
1,459,0,REVIEW,high,2,2,1,250,0
0,417,0,REVIEW,other,19,19,11,27,8
0,800,0,REVIEW,other,13,13,4,-1,4
0,435,0,REVIEW,other,17,18,10,-1,10
0,489,0,PASS,other,27,29,11,4,7
1,609,0,REVIEW,other,0,0,0,-1,0
1,674,0,REVIEW,other,7,6,0,72,0
1,496,0,REVIEW,other,8,8,3,198,0
1,312,1,REVIEW,other,5,4,0,76,0
1,343,0,REVIEW,other,8,8,4,87,0
0,462,0,REVIEW,other,18,21,7,14,4
0,718,0,REVIEW,other,26,26,9,204,6
1,348,0,REVIEW,other,4,4,3,-1,0
0,451,0,REVIEW,other,8,8,3,-1,1
0,452,0,REVIEW,other,10,10,3,-1,1
0,659,0,REVIEW,other,4,1,2,-1,1
1,538,1,REVIEW,other,8,8,5,56,0
1,595,0,REVIEW,other,5,2,4,-1,0
0,466,0,REVIEW,high,4,4,3,29,2
1,320,0,REVIEW,other,10,10,4,224,4
0,311,0,REVIEW,other,2,2,2,193,2
0,713,0,REVIEW,medium,13,15,7,14,2
0,349,0,REVIEW,other,12,13,6,8,4
0,556,0,REVIEW,other,11,11,5,10,5
0,627,0,REVIEW,other,11,11,4,33,1
0,429,0,REVIEW,other,14,14,3,7,2
0,431,0,REVIEW,medium,8,8,1,-1,1
